hospital_id,entity_code,hospital_name,district,ownership,directorate,verified_specialties,latitude,longitude,hospital_name_ta
TNH0002,H_18437,"Ariyalur Golden Hospital Pvt.Ltd, Ariyalur TN.",Ariyalur,PVT HOSPITAL,PVT,Multi-Speciality,11.1406737,79.0753576,"அரியலூர் கோல்டன் ஹாஸ்பிடல் பிரைவேட் லிமிடெட், அரியலூர் டி.என்."
TNH0004,H_25860,"Govt Hospital, Sendurai, Ariyalur TN.",Ariyalur,GOVT-DMS,Govt,General Medicine,11.254278,79.1794871,"அரசு மருத்துவமனை, செந்துறை, அரியலூர் டி.என்."
TNH0005,H_25859,"Govt Hospital, Udayarpalayam, Ariyalur TN.",Ariyalur,GOVT-DMS,Govt,General Medicine,11.1854634,79.2965118,"அரசு மருத்துவமனை, உடையார்பாளையம், அரியலூர் டி.என்."
TNH0013,H_21985,"Annai Arul Hospital, Chengalpet TN.",Chengalpattu,PVT HOSPITAL,Pvt,Multi-Speciality,12.9207342,80.0880632,"அன்னை அருள் மருத்துவமனை, செங்கல்பட்டு டி.என்."
TNH0014,H_22425,"Apollo Speciality Hosptial, OMR, Chengalpet TN.",Chengalpattu,PVT HOSPITAL,Pvt,Multi-Speciality,12.9631697,80.2459193,"அப்போலோ சிறப்பு மருத்துவமனை, ஓஎம்ஆர், செங்கல்பட்டு, தமிழ்நாடு."
TNH0015,H_22866,"B.M Hospital, Nanganallur, Chengalpet TN.",Chengalpattu,PVT HOSPITAL,Pvt,Multi-Speciality,12.9888177,80.1901629,"பி.எம் மருத்துவமனை, நங்கநல்லூர், செங்கல்பட்டு டி.என்."
TNH0016,H_18469,"Balaji Hospital, Chengalpet TN.",Chengalpattu,PVT HOSPITAL,Pvt,Multi-Speciality,12.6883902,79.9821028,"பாலாஜி மருத்துவமனை, செங்கல்பட்டு டி.என்."
TNH0017,H_23426,"Bharath Medical Col and Hosp, Chengalpet TN.",Chengalpattu,PVT HOSPITAL,Pvt,Multi-Speciality,12.6819372,79.9888413,"பாரத் மருத்துவக் கல்லூரி மற்றும் மருத்துவமனை, செங்கல்பட்டு, தமிழ்நாடு."
TNH0018,H_22970,"C-Dot Hospital, Chengalpet TN.",Chengalpattu,PVT HOSPITAL,Pvt,"Dermatology,Orthopedics",12.6819372,79.9888413,"சி-டாட் மருத்துவமனை, செங்கல்பட்டு, தமிழ்நாடு."
TNH0019,H_25842,"Chettinad Hospital and Res Ins, Chengalpet TN.",Chengalpattu,PVT HOSPITAL,Pvt,Multi-Speciality,12.6819372,79.9888413,"செட்டிநாடு மருத்துவமனை மற்றும் ஆராய்ச்சி நிறுவனம், செங்கல்பட்டு, தமிழ்நாடு."
TNH0021,H_18300,"Dr Kamakshi Memorial Hospital, Chengalpet TN.",Chengalpattu,PVT HOSPITAL,Pvt,Multi-Speciality,12.6819372,79.9888413,"டாக்டர் காமாக்ஷி நினைவு மருத்துவமனை, செங்கல்பட்டு TN."
TNH0022,H_22863,"Dr. Rela Inst. and Medical Centre, Chengalpet TN.",Chengalpattu,PVT HOSPITAL,Pvt,Multi-Speciality,12.9549235,80.1388459,"டாக்டர் ரெலா நிறுவனம் மற்றும் மருத்துவ மையம், செங்கல்பட்டு, தமிழ்நாடு."
TNH0023,H_22972,"Gem Hospital And Res Centre Pvt Ltd, Chengalpet TN.",Chengalpattu,PVT HOSPITAL,Pvt,"Gastrology,Hepatology",12.9692339,80.245817,"ஜெம் மருத்துவமனை மற்றும் ஆராய்ச்சி மையம் பிரைவேட் லிமிடெட், செங்கல்பட்டு, தமிழ்நாடு."
TNH0024,H_18439,"Gleneagles Global Health City, Chengalpet TN.",Chengalpattu,PVT HOSPITAL,Pvt,Multi-Speciality,12.8979503,80.2056482,"கிளெனேகிள்ஸ் குளோபல் ஹெல்த் சிட்டி, செங்கல்பட்டு, தமிழ்நாடு."
TNH0039,H_18780,"Hindu Mission Health Services, Chengalpet TN.",Chengalpattu,PVT HOSPITAL,Pvt,Multi-Speciality,12.9788794,80.1846431,"இந்து மிஷன் சுகாதார சேவைகள், செங்கல்பட்டு, தமிழ்நாடு."
TNH0040,H_18204,"Hindu Mission Hospital, Chengalpet TN.",Chengalpattu,PVT HOSPITAL,Pvt,Multi-Speciality,12.9236633,80.1141179,"இந்து மிஷன் மருத்துவமனை, செங்கல்பட்டு, தமிழ்நாடு."
TNH0041,H_24100,"Jeevan Sumyuktha Hospitals, Chengalpet TN.",Chengalpattu,PVT HOSPITAL,PVT,Multi-Speciality,12.7285083,79.9979514,"ஜீவன் சும்யுக்தா மருத்துவமனைகள், செங்கல்பட்டு TN."
TNH0042,H_23675,"Jolen Hospital, Chengalpet TN.",Chengalpattu,PVT HOSPITAL,Pvt,Multi-Speciality,12.6819372,79.9888413,"ஜோலன் மருத்துவமனை, செங்கல்பட்டு TN."
TNH0043,H_25745,"JSP Hospital Pvt Ltd, Chengalpet TN.",Chengalpattu,PVT HOSPITAL,PVT,Multi-Speciality,12.6973294,79.9725414,"ஜேஎஸ்பி மருத்துவமனை பிரைவேட் லிமிடெட், செங்கல்பட்டு, தமிழ்நாடு."
TNH0044,H_19648,"Karpaga Vinyaga Institute, Chengalpet,TN.",Chengalpattu,PVT HOSPITAL,Pvt,Multi-Speciality,12.5922558,79.9136445,"கற்பக வினியாகா நிறுவனம், செங்கல்பட்டு, தமிழ்நாடு."
TNH0045,H_23669,"Kasturi Hospital, Tambaram, Chengalpet TN.",Chengalpattu,PVT HOSPITAL,Pvt,Multi-Speciality,12.6819372,79.9888413,"கஸ்தூரி மருத்துவமனை, தாம்பரம், செங்கல்பட்டு டி.என்."
TNH0046,H_18400,"Melmaruvathur Adhiparsakthi Inst, Chengalpet TN.",Chengalpattu,PVT HOSPITAL,Pvt,Multi-Speciality,12.43366,79.82834,"மேல்மருவத்தூர் ஆதிபர்சக்தி நிறுவனம், செங்கல்பட்டு TN."
TNH0047,H_23177,"Sai Fertility Centre and Hospital,Chengalpet TN.",Chengalpattu,PVT HOSPITAL,Pvt,Multi-Speciality,12.6898542,79.9802029,"சாய் கருவுறுதல் மையம் மற்றும் மருத்துவமனை, செங்கல்பட்டு, தமிழ்நாடு."
TNH0048,H_22683,"Shadithya Health Care, Chengalpet TN.",Chengalpattu,PVT HOSPITAL,Pvt,Psychology,12.6819372,79.9888413,"ஷாதித்யா ஹெல்த் கேர், செங்கல்பட்டு, தமிழ்நாடு."
TNH0049,H_21126,"Shri Sathya Sai Medical College, Chengalpet TN.",Chengalpattu,PVT HOSPITAL,Pvt,Multi-Speciality,12.7479394,80.1332946,"ஸ்ரீ சத்ய சாய் மருத்துவக் கல்லூரி, செங்கல்பட்டு TN."
TNH0050,H_18789,"Sree Renga Nursing Home, Chengalpet TN.",Chengalpattu,PVT HOSPITAL,Pvt,Multi-Speciality,12.689647,79.9792306,"ஸ்ரீ ரெங்கா நர்சிங் ஹோம், செங்கல்பட்டு, தமிழ்நாடு."
TNH0051,H_18793,"Sri Balaji Medical Coll and Hosp, Chengalpet TN.",Chengalpattu,PVT HOSPITAL,Pvt,Multi-Speciality,12.6819372,79.9888413,"ஸ்ரீ பாலாஜி மருத்துவக் கல்லூரி மற்றும் மருத்துவமனை, செங்கல்பட்டு, தமிழ்நாடு."
TNH0052,H_20050,"Sri Chakara Multi Hospital, Chengalpet TN.",Chengalpattu,PVT HOSPITAL,Pvt,Multi-Speciality,12.6868715,79.980084,"ஸ்ரீ சக்கரா மல்டி மருத்துவமனை, செங்கல்பட்டு TN."
TNH0053,H_26007,"Sringeri Sharada Equitas Hospital, Chengalpet, TN.",Chengalpattu,PVT HOSPITAL,Pvt,Multi-Speciality,12.9208467,80.1670449,"சிருங்கேரி சாரதா ஈக்விடாஸ் மருத்துவமனை, செங்கல்பட்டு, டி.என்."
TNH0054,H_18283,"SRM Medical College Hospital, Chengalpet TN.",Chengalpattu,PVT HOSPITAL,Pvt,Multi-Speciality,12.6819372,79.9888413,"எஸ்.ஆர்.எம் மருத்துவக் கல்லூரி மருத்துவமனை, செங்கல்பட்டு, தமிழ்நாடு."
TNH0055,H_18623,"St. Thomas Hospital, Chengalpet TN.",Chengalpattu,PVT HOSPITAL,Pvt,Multi-Speciality,13.012147,80.1964437,"புனித தோமா மருத்துவமனை, செங்கல்பட்டு, தமிழ்நாடு."
TNH0056,H_23134,"Sugam Hospital, Chengalpet TN.",Chengalpattu,PVT HOSPITAL,Pvt,Multi-Speciality,12.9618495,80.1466852,"சுகம் மருத்துவமனை, செங்கல்பட்டு டி.என்."
TNH0057,H_18768,"Tagore Medical Coll And Hosp, Chengalpet TN.",Chengalpattu,PVT HOSPITAL,Pvt,Multi-Speciality,12.6819372,79.9888413,"தாகூர் மருத்துவக் கல்லூரி மற்றும் மருத்துவமனை, செங்கல்பட்டு, தமிழ்நாடு."
TNH0058,H_25625,"Tagore Specialty Hospital, Chengalpet TN.",Chengalpattu,PVT HOSPITAL,Pvt,Multi-Speciality,12.8604097,80.1357701,"தாகூர் சிறப்பு மருத்துவமனை, செங்கல்பட்டு, தமிழ்நாடு."
TNH0060,H_25710,"Adambakkam Sudar Hospital, Chennai TN.",Chennai,PVT HOSPITAL,Pvt,"Multi-Speciality,Pediatrics",12.9911839,80.1986392,"ஆதம்பாக்கம் சுதர் மருத்துவமனை, சென்னை டி.என்."
TNH0061,H_22799,"Adyar PM Hospital,Adyar,Chennai TN.",Chennai,PVT HOSPITAL,Pvt,Multi-Speciality,12.9981587,80.2556835,"அடையார் பிஎம் மருத்துவமனை, அடையார், சென்னை, தமிழ்நாடு."
TNH0063,H_18644,"Apollo Greams,Chennai TN.",Chennai,PVT HOSPITAL,Pvt,Multi-Speciality,13.0623079,80.252852,"அப்போலோ கிரீம்ஸ், சென்னை, தமிழ்நாடு."
TNH0064,H_18764,"APOLLO SPECIALTY HOSPITAL, Chennai TN.",Chennai,PVT HOSPITAL,Pvt,Multi-Speciality,13.0337165,80.2451388,"அப்பல்லோ சிறப்பு மருத்துவமனை, சென்னை, தமிழ்நாடு."
TNH0065,H_22862,"Apollo Spectra Hospital, R.A Puram, Chennai TN.",Chennai,PVT HOSPITAL,Pvt,Multi-Speciality,13.0179502,80.2710282,"அப்போலோ ஸ்பெக்ட்ரா மருத்துவமனை, ஆர்.ஏ.புரம், சென்னை, தமிழ்நாடு."
TNH0066,H_18449,"Appasamy Hospitals,Chennai TN.",Chennai,PVT HOSPITAL,Pvt,Multi-Speciality,13.0727474,80.2142306,"அப்பசாமி மருத்துவமனைகள், சென்னை, தமிழ்நாடு."
TNH0067,H_23667,"AVS Cardiac Center, Chennai TN.",Chennai,PVT HOSPITAL,Pvt,Multi-Speciality,13.0382216,80.273918,"ஏவிஎஸ் இருதய மையம், சென்னை, தமிழ்நாடு."
TNH0068,H_20111,Aysha Hospital Kilpauk Chennai TN.,Chennai,PVT HOSPITAL,Pvt,Multi-Speciality,13.084738,80.2498797,ஆயிஷா மருத்துவமனை கீழ்ப்பாக்கம் சென்னை TN.
TNH0069,H_18759,"Bharathirajaa Speciality Hospital, Chennai TN.",Chennai,PVT HOSPITAL,Pvt,Multi-Speciality,13.0480855,80.2450547,"பாரதிராஜா சிறப்பு மருத்துவமனை, சென்னை டி.என்."
TNH0070,H_18472,"Billroth Hospitals Shenoy Nagar, Chennai TN.",Chennai,PVT HOSPITAL,Pvt,Multi-Speciality,13.0757774,80.2272901,"பில்ரோத் மருத்துவமனைகள், ஷெனாய் நகர், சென்னை, தமிழ்நாடு."
TNH0071,H_18688,"Billroth,Chennai TN.",Chennai,PVT HOSPITAL,Pvt,Multi-Speciality,13.0757774,80.2272901,"பில்ரோத், சென்னை, தமிழ்நாடு."
TNH0072,H_21989,"Bloom Health Care, Chennai TN.",Chennai,PVT HOSPITAL,Pvt,Multi-Speciality,13.1170824,80.2177999,"ப்ளூம் ஹெல்த் கேர், சென்னை, தமிழ்நாடு."
TNH0073,H_22088,"Chennai National Hospital, Chennai TN.",Chennai,PVT HOSPITAL,Pvt,Multi-Speciality,13.096446,80.2915071,"சென்னை தேசிய மருத்துவமனை, சென்னை, தமிழ்நாடு."
TNH0075,H_18766,"CSI KALYANI GENERAL HOSPITAL, Chennai TN.",Chennai,PVT HOSPITAL,Pvt,Multi-Speciality,13.0814162,80.2775787,"சிஎஸ்ஐ கல்யாணி பொது மருத்துவமனை, சென்னை, தமிழ்நாடு."
TNH0076,H_18403,"Dr Mehtas Hospitals Chetpet,Chennai TN.",Chennai,PVT HOSPITAL,Pvt,Multi-Speciality,13.0717977,80.2405783,"டாக்டர் மேத்தாஸ் மருத்துவமனைகள், செட்பெட், சென்னை, தமிழ்நாடு."
TNH0078,H_23668,"Fortis Health Care ltd,Vadapalani Chennai TN.",Chennai,PVT HOSPITAL,Pvt,Multi-Speciality,13.0474341,80.2042218,"ஃபோர்டிஸ் ஹெல்த் கேர் லிமிடெட், வடபழனி, சென்னை, தமிழ்நாடு."
TNH0079,H_23434,"GKM Hospital, Purasaiwakam, Chennai TN.",Chennai,PVT HOSPITAL,Pvt,Multi-Speciality,13.0900538,80.258483,"ஜி.கே.எம் மருத்துவமனை, புரசைவாக்கம், சென்னை டி.என்."
TNH0082,H_25727,"Govt Ayanavaram UCHC, Chennai TN.",Chennai,Govt-MTM,Govt,General Medicine,13.098634,80.2336945,"அரசு அயனாவரம் UCHC, சென்னை TN."
TNH0083,H_25706,"Govt CHC Adayar,  Chennai TN.",Chennai,Govt-MTM,Govt,General Medicine,13.0011774,80.2564957,"அரசு சமூக சுகாதார மையம், அடையார், சென்னை, தமிழ்நாடு."
TNH0084,H_25707,"Govt CHC RK Nagar,  Chennai TN.",Chennai,Govt-MTM,Govt,General Medicine,13.1200744,80.2800421,"அரசு சமூக சுகாதார மையம், ஆர்.கே. நகர், சென்னை, தமிழ்நாடு."
TNH0085,H_25733,"Govt INJAMBAKKAM UCHC, Chennai TN.",Chennai,Govt-MTM,Govt,General Medicine,12.9197836,80.2511237,"அரசு இஞ்சம்பாக்கம் UCHC, சென்னை TN."
TNH0086,H_25882,"Govt Kalaignar Centenary Spr Spl Hosp, Chennai TN.",Chennai,Govt-DME,Govt,Multi-Speciality,13.0151079,80.2155023,"Govt Kalaignar Centenary Spr Spl Hosp, Chennai TN."
TNH0087,H_25728,"Govt Manjambakkam UCHC, Chennai TN.",Chennai,Govt-MTM,Govt,General Medicine,13.1551411,80.2224191,"அரசு மஞ்சம்பாக்கம் UCHC, சென்னை TN."
TNH0088,H_25775,"Govt Mirsahibpet UCHC, Chennai TN.",Chennai,Govt-MTM,Govt,General Medicine,13.0515731,80.2718556,"அரசு மிர்சாஹிப்பேட்டை UCHC, சென்னை TN."
TNH0089,H_25735,"Govt PADI UCHC, Chennai TN.",Chennai,Govt-MTM,Govt,General Medicine,13.0948397,80.1782506,"அரசு PADI UCHC, சென்னை, தமிழ்நாடு."
TNH0090,H_25730,"Govt Perungudi UCHC, Chennai TN.",Chennai,Govt-MTM,Govt,General Medicine,12.9655387,80.2422812,"அரசு பெருங்குடி UCHC, சென்னை TN."
TNH0091,H_25734,"Govt PORUR UCHC, Chennai TN.",Chennai,Govt-MTM,Govt,General Medicine,13.0381896,80.1565461,"அரசு போரூர் UCHC, சென்னை, தமிழ்நாடு."
TNH0092,H_25708,"Govt Pulianthope CHC,Chennai TN.",Chennai,Govt-MTM,Govt,General Medicine,13.0981638,80.2683186,"அரசு புளியந்தோப்பு சமூக சுகாதார மையம், சென்னை, தமிழ்நாடு."
TNH0093,H_25729,"Govt Puzhal CHC, Chennai TN.",Chennai,Govt-MTM,Govt,General Medicine,13.1584711,80.2036881,"அரசு புழல் சமூக சுகாதார மையம், சென்னை, தமிழ்நாடு."
TNH0094,H_25744,"Govt Sanjeevarayanpet UCHC, Chennai TN.",Chennai,Govt-MTM,Govt,General Medicine,13.1205755,80.288576,"அரசு சஞ்சீவராயன்பேட்டை UCHC, சென்னை TN."
TNH0095,H_25736,"Govt Thiruvottiyur UCHC, Chennai TN.",Chennai,Govt-MTM,Govt,General Medicine,13.1796816,80.304693,"அரசு திருவொற்றியூர் UCHC, சென்னை, தமிழ்நாடு."
TNH0096,H_25732,"Govt VADAPALANI UCHC, Chennai TN.",Chennai,Govt-MTM,Govt,General Medicine,13.0499711,80.2121306,"அரசு வடபழனி UCHC, சென்னை TN."
TNH0099,H_26350,"Iswarya Hospital, Omr, Chennai TN.",Chennai,PVT HOSPITAL,Pvt,Multi-Speciality,12.9791468,80.252843,"ஐஸ்வர்யா மருத்துவமனை, ஓம்ர், சென்னை TN."
TNH0101,H_19649,"Kauvery Hospital Chennai,TN.",Chennai,PVT HOSPITAL,Pvt,Multi-Speciality,13.04771,80.2042062,"காவேரி மருத்துவமனை, சென்னை, தமிழ்நாடு."
TNH0102,H_26026,"Kauvery Hospital, Vadapalani, Chennai, TN.",Chennai,PVT HOSPITAL,Pvt,Multi-Speciality,13.04771,80.2042062,"காவேரி மருத்துவமனை, வடபழனி, சென்னை, தமிழ்நாடு."
TNH0103,H_24101,"KL Hospital, Neelangarai, Chennai TN.",Chennai,PVT HOSPITAL,Pvt,Multi-Speciality,12.9482858,80.2546438,"KL மருத்துவமனை, நீலாங்கரை, சென்னை TN."
TNH0104,H_18290,"Kumaran Hospital Kilpauk, Chennai TN.",Chennai,PVT HOSPITAL,Pvt,Multi-Speciality,13.0790214,80.2490449,"குமரன் மருத்துவமனை கீழ்ப்பாக்கம், சென்னை TN."
TNH0105,H_18622,"Laksha Hospital,Chennai TN.",Chennai,PVT HOSPITAL,Pvt,Multi-Speciality,13.0435647,80.2636248,"லக்ஷா மருத்துவமனை, சென்னை, தமிழ்நாடு."
TNH0107,H_18365,"M R Hospital,Chennai TN.",Chennai,PVT HOSPITAL,Pvt,Multi-Speciality,13.0725314,80.2195736,"எம் ஆர் மருத்துவமனை, சென்னை, தமிழ்நாடு."
TNH0108,H_22575,"Medway Hospital, Chennai TN.",Chennai,PVT HOSPITAL,Pvt,Multi-Speciality,13.0536322,80.22752,"மெட்வே மருத்துவமனை, சென்னை, தமிழ்நாடு."
TNH0109,H_26006,"Meridian Hospital, Chennai, TN.",Chennai,PVT HOSPITAL,Pvt,Multi-Speciality,13.1363386,80.2159769,"மெரிடியன் மருத்துவமனை, சென்னை, தமிழ்நாடு."
TNH0110,H_26138,"Mgm Healthcare Malar Adyar, Chennai, TN.",Chennai,PVT HOSPITAL,Pvt,Multi-Speciality,13.0101544,80.258616,"எம்ஜிஎம் ஹெல்த்கேர் மலர் அடையார், சென்னை, தமிழ்நாடு."
TNH0111,H_23009,"MGM HOSPITAL, Chennai TN.",Chennai,PVT HOSPITAL,Pvt,Multi-Speciality,13.0709761,80.2216656,"எம்ஜிஎம் மருத்துவமனை, சென்னை, தமிழ்நாடு."
TNH0112,H_18406,"Miot Hospital, Chennai TN. ",Chennai,PVT HOSPITAL,Pvt,Multi-Speciality,13.0213892,80.1857828,"மியோட் மருத்துவமனை, சென்னை, தமிழ்நாடு."
TNH0113,H_22294,"Murugan Hospital kilpauk, Chennai TN.",Chennai,PVT HOSPITAL,Pvt,Multi-Speciality,13.0833879,80.2342535,"முருகன் மருத்துவமனை, கீழ்ப்பாக்கம், சென்னை, தமிழ்நாடு."
TNH0114,H_26005,"National Centre of Ageing, Chennai TN.",Chennai,Govt-DME,Govt,Multi-Speciality,13.0156828,80.2160559,"தேசிய முதுமையியல் மையம், சென்னை, தமிழ்நாடு."
TNH0115,H_18217,"New Hope Medical Center, Chennai TN.",Chennai,PVT HOSPITAL,Pvt,Multi-Speciality,13.0777063,80.2415533,"நியூ ஹோப் மருத்துவ மையம், சென்னை, தமிழ்நாடு."
TNH0116,H_20113,Nichani Hospital Royapuram Chennai TN.,Chennai,PVT HOSPITAL,Pvt,Multi-Speciality,13.111235,80.2938835,நிச்சானி மருத்துவமனை ராயபுரம் சென்னை டி.என்.
TNH0117,H_18633,"Noble Hospital,Chennai TN.",Chennai,PVT HOSPITAL,Pvt,Multi-Speciality,13.0823185,80.2532024,"நோபல் மருத்துவமனை, சென்னை, தமிழ்நாடு."
TNH0118,H_25709,"PADI UCHC-TANKER DIALYSIS UNIT, Chennai TN.",Chennai,Govt-MTM,Govt,General Medicine,13.0948397,80.1782506,"PADI UCHC-டேங்கர் டயாலிசிஸ் பிரிவு, சென்னை, தமிழ்நாடு."
TNH0119,H_18237,"Pavithra Hospitals Pvt Ltd, Chennai TN.",Chennai,PVT HOSPITAL,Pvt,Multi-Speciality,13.0605621,80.2496936,"பவித்ரா ஹாஸ்பிடல்ஸ் பிரைவேட் லிமிடெட், சென்னை TN."
TNH0120,H_23542,"Pon Malligai Hospital, Adambakkam, Chennai TN.",Chennai,PVT HOSPITAL,Pvt,Multi-Speciality,12.9922443,80.2058809,"பொன் மல்லிகை மருத்துவமனை, ஆதம்பாக்கம், சென்னை TN."
TNH0121,H_20715,Prashanth Hospital Velachery Chennai TN.,Chennai,PVT HOSPITAL,Pvt,Multi-Speciality,12.978498,80.2213184,பிரசாந்த் மருத்துவமனை வேளச்சேரி சென்னை டி.என்.
TNH0123,H_18214,"Prime Indian Hospitals Pvt Ltd, Chennai TN.",Chennai,PVT HOSPITAL,Pvt,Multi-Speciality,13.076723,80.205766,"பிரைம் இந்தியன் ஹாஸ்பிடல்ஸ் பிரைவேட் லிமிடெட், சென்னை, தமிழ்நாடு."
TNH0124,H_23682,"Promed Hospital, Kottivakkam, Chennai TN.",Chennai,PVT HOSPITAL,Pvt,Multi-Speciality,12.971583,80.258285,"Promed Hospital, கொட்டிவாக்கம், சென்னை TN."
TNH0125,H_18285,"Public Health And Welfare Society, Chennai TN.",Chennai,PVT HOSPITAL,Pvt,Multi-Speciality,13.045118,80.2118933,"பொது சுகாதார மற்றும் நலவாழ்வு சங்கம், சென்னை, தமிழ்நாடு."
TNH0126,H_23683,"Radha Rajendran Hospital,Chennai TN.",Chennai,PVT HOSPITAL,Pvt,Multi-Speciality,13.0057618,80.2042755,"ராதா ராஜேந்திரன் மருத்துவமனை, சென்னை TN."
TNH0127,H_22682,"S.G Hospital, Chennai TN.",Chennai,PVT HOSPITAL,Pvt,"Nephrology,Multi-Speciality",13.1070788,80.2468354,"எஸ்.ஜி மருத்துவமனை, சென்னை, தமிழ்நாடு."
TNH0128,H_21990,"Sakthi Hospital, Triplicane, Chennai TN.",Chennai,PVT HOSPITAL,Pvt,Multi-Speciality,13.0570045,80.2757397,"சக்தி மருத்துவமனை, டிரிப்ளிகேன், சென்னை TN."
TNH0129,H_18647,"SAMPAT NURSING HOME,CHENNAI TN.",Chennai,PVT HOSPITAL,Pvt,Multi-Speciality,13.0366621,80.272674,"சம்பத் நர்சிங் ஹோம், சென்னை TN."
TNH0131,H_18461,"Sen Hospital Perambur,Chennai TN.",Chennai,PVT HOSPITAL,Pvt,Multi-Speciality,13.110833,80.2419017,"சென் மருத்துவமனை பெரம்பூர், சென்னை TN."
TNH0133,H_22030,"SIMS, Vadapalani, Chennai TN.",Chennai,PVT HOSPITAL,Pvt,Multi-Speciality,13.0516924,80.2117546,"சிம்ஸ், வடபழனி, சென்னை, தமிழ்நாடு."
TNH0134,H_18323,"Soorya Hospital Saligramam, Chennai TN.",Chennai,PVT HOSPITAL,Pvt,Multi-Speciality,13.048184,80.2034821,"சூர்யா மருத்துவமனை சாலிகிராமம், சென்னை TN."
TNH0135,H_23689,"The Best Hospital, Kodambakkam, Chennai TN.",Chennai,PVT HOSPITAL,Pvt,Multi-Speciality,13.0535287,80.219486,"சிறந்த மருத்துவமனை, கோடம்பாக்கம், சென்னை, தமிழ்நாடு."
TNH0136,H_23550,"Trinity Acute care,chennai TN.",Chennai,PVT HOSPITAL,Pvt,Multi-Speciality,13.0386351,80.257815,"டிரினிட்டி அக்யூட் கேர், சென்னை, தமிழ்நாடு."
TNH0137,H_22750,"Venkataeswara Hospital, Nandhanam, Chennai TN.",Chennai,PVT HOSPITAL,Pvt,Multi-Speciality,13.0294521,80.2440883,"வெங்கடேஸ்வரா மருத்துவமனை, நந்தனம், சென்னை TN."
TNH0138,H_18626,"Vijaya Hospital,Chennai TN.",Chennai,PVT HOSPITAL,Pvt,Multi-Speciality,13.0495242,80.2086187,"விஜயா மருத்துவமனை, சென்னை, தமிழ்நாடு."
TNH0139,H_20055,VOLUNTARY HEALTH SERVICES THARAMANI CHENNAI TN.,Chennai,PVT HOSPITAL,Pvt,Multi-Speciality,13.0025369,80.2473355,"தன்னார்வ சுகாதார சேவைகள், தாராமணி, சென்னை, தமிழ்நாடு."
TNH0141,H_18248,"Abinand Hospital,Coimbatore TN.",Coimbatore,PVT,PVT,Multi-Speciality,10.9544799,76.973423,"அபினந்த் மருத்துவமனை, கோயம்புத்தூர் TN."
TNH0143,H_18918,"Alwa Hospital,Coimbatore,TN.",Coimbatore,PVT,PVT,Multi-Speciality,11.013285,76.9627255,"ஆல்வா மருத்துவமனை, கோயம்புத்தூர், தமிழ்நாடு."
TNH0145,H_18566,"Arthy Hospital,Coimbatore TN.",Coimbatore,PVT,PVT,"Nephrology,Urology,General Medicine",10.9959477,76.9963268,"ஆர்த்தி மருத்துவமனை, கோயம்புத்தூர், தமிழ்நாடு."
TNH0146,H_18958,"Arun Hospital Pollachi,Coimbatore TN.",Coimbatore,PVT,PVT,Multi-Speciality,10.6625937,77.0129459,"அருண் மருத்துவமனை, பொள்ளாச்சி, கோயம்புத்தூர், தமிழ்நாடு."
TNH0147,H_26016,"ASD Hospital, Pollachi, Coimbatore, TN.",Coimbatore,PVT,PVT,Multi-Speciality,10.66632,77.0077276,"ஏ.எஸ்.டி மருத்துவமனை, பொள்ளாச்சி, கோயம்புத்தூர், தமிழ்நாடு."
TNH0151,H_22342,"Bragathi Hospital,Siddhapudur,Coimbatore TN.",Coimbatore,PVT,PVT,"Orthopedics,Neurology,General Medicine",11.021437,76.9772209,"பிரகதி மருத்துவமனை, சித்தாபுதூர், கோயம்புத்தூர் TN."
TNH0152,H_18519,"Coimbatore Govt Medical College,Coimbatore TN.",Coimbatore,Govt,Govt,"General Medicine,Pediatrics",11.0092483,77.0241703,"கோயம்புத்தூர் அரசு மருத்துவக் கல்லூரி, கோயம்புத்தூர், தமிழ்நாடு."
TNH0153,H_23252,"CSR Nursing Home, Coimbatore TN.",Coimbatore,PVT,PVT,Multi-Speciality,11.021977,76.96612,"சிஎஸ்ஆர் நர்சிங் ஹோம், கோயம்புத்தூர், தமிழ்நாடு."
TNH0154,H_24428,"D.J Hospital, Coimbatore TN.",Coimbatore,PVT,PVT,Multi-Speciality,11.161063,76.94693,"டி.ஜே மருத்துவமனை, கோயம்புத்தூர், தமிழ்நாடு."
TNH0155,H_21367,"Deepam Hospital,Coimbatore TN.",Coimbatore,PVT,PVT,Multi-Speciality,10.99664,77.0038174,"தீபம் மருத்துவமனை, கோயம்புத்தூர் TN."
TNH0156,H_22967,"Dr. Dasarathan Memorial Hospital, Coimbatore TN.",Coimbatore,PVT,PVT,Multi-Speciality,11.0888096,76.9384823,"டாக்டர் தசரதன் நினைவு மருத்துவமனை, கோயம்புத்தூர் டி.என்."
TNH0157,H_23562,"Dr.Muthus Hospital, Saravanampatti,Coimbatore TN.",Coimbatore,PVT,PVT,Multi-Speciality,11.0735305,77.0022823,"டாக்டர்.முத்துஸ் மருத்துவமனை, சரவணம்பட்டி, கோயம்புத்தூர் TN."
TNH0158,H_24378,"FIMS Hospital, Coimbatore TN.",Coimbatore,PVT,PVT,Multi-Speciality,10.957823,76.972314,"FIMS மருத்துவமனை, கோயம்புத்தூர், தமிழ்நாடு."
TNH0159,H_25998,"Four Square Med Centre and Hosp PLtd,CoimbatoreTN.",Coimbatore,PVT,PVT,Multi-Speciality,11.0139441,76.9628965,"ஃபோர் ஸ்கொயர் மெட் சென்டர் அண்ட் ஹாஸ்பிடல் லிமிடெட், கோயம்புத்தூர், தமிழ்நாடு."
TNH0160,H_18606,"G.Kuppuswamy Naidu Memorial Hosp,Coimbatore TN.",Coimbatore,PVT,PVT,Multi-Speciality,11.012272,76.9806818,"ஜி.குப்புசாமி நாயுடு மெமோரியல் ஹாஸ்ப், கோயம்புத்தூர் TN."
TNH0161,H_18601,"Ganga Medical Center and Hospital,Coimbatore TN.",Coimbatore,PVT,PVT,Multi-Speciality,11.0247885,76.9520774,"கங்கா மருத்துவ மையம் மற்றும் மருத்துவமனை, கோயம்புத்தூர், தமிழ்நாடு."
TNH0163,H_22571,"Global Occupational Therapy,Autism,Coimbatore TN.",Coimbatore,Pvt,Pvt,Psychology,10.6640914,77.0110364,"உலகளாவிய தொழில்சார் சிகிச்சை, ஆட்டிசம், கோயம்புத்தூர், தமிழ்நாடு."
TNH0166,H_20926,"Govt hospital Annur,Coimbatore TN.",Coimbatore,Govt,Govt,"General Medicine,Pediatrics",11.2324583,77.1021775,"அரசு மருத்துவமனை, அன்னூர், கோயம்புத்தூர், தமிழ்நாடு."
TNH0167,H_18885,"Govt hospital Mettupalayam,Coimbatore TN.",Coimbatore,Govt,Govt,"General Medicine,Pediatrics",11.3027849,76.9383385,"அரசு மருத்துவமனை மேட்டுப்பாளையம், கோயம்புத்தூர் TN."
TNH0168,H_24441,"Govt Hospital, Valparai, Coimbatore TN.",Coimbatore,Govt,Govt,"General Medicine,Pediatrics",10.329986,76.9579226,"அரசு மருத்துவமனை, வால்பாறை, கோயம்புத்தூர், தமிழ்நாடு."
TNH0184,H_22644,"Govt. Hospital, Kinathukadavu, Coimbatore TN.",Coimbatore,Govt,Govt,"General Medicine,Pediatrics",10.8211156,77.0174308,"அரசு மருத்துவமனை, கிணத்துக்கடவு, கோயம்புத்தூர் டி.என்."
TNH0185,H_22643,"Govt. Hospital, Kolarpatti,Pollachi,Coimbatore TN.",Coimbatore,Govt,Govt,"General Medicine,Pediatrics",10.6268835,77.1114867,"அரசு மருத்துவமனை, கோலார்பட்டி, பொள்ளாச்சி, கோயம்புத்தூர், தமிழ்நாடு."
TNH0186,H_22707,"Govt. Hospital, Kottur, Coimbatore TN.",Coimbatore,Govt,Govt,"General Medicine,Pediatrics",10.5401958,76.9824535,"அரசு மருத்துவமனை, கொட்டூர், கோயம்புத்தூர், தமிழ்நாடு."
TNH0187,H_22566,"Govt. Hospital, Madukkarai, Coimbatore TN.",Coimbatore,Govt,Govt,"General Medicine,Pediatrics",10.9664245,76.9870403,"அரசு மருத்துவமனை, மதுக்கரை, கோயம்புத்தூர், தமிழ்நாடு."
TNH0188,H_22567,"Govt. Hospital, Sundakkamuthur,Coimbatore TN.",Coimbatore,Govt,Govt,"General Medicine,Pediatrics",10.9664245,76.9870403,"அரசு மருத்துவமனை, சுண்டக்காமுத்தூர், கோயம்புத்தூர் TN."
TNH0189,H_22569,"Govt. Hospital, Thondamuthur, Coimbatore TN.",Coimbatore,Govt,Govt,"General Medicine,Pediatrics",10.9899245,76.8408813,"அரசு மருத்துவமனை, தொண்டாமுத்தூர், கோயம்புத்தூர் டி.என்."
TNH0190,H_22713,"Govt. Hospital, Vettaikaranpudur,Coimbatore TN.",Coimbatore,Govt,Govt,"General Medicine,Pediatrics",10.5643344,76.9195962,"அரசு மருத்துவமனை, வேட்டைக்காரன்புதூர், கோயம்புத்தூர் TN."
TNH0191,H_22570,"Govt. Hospital,Periyanaickenpalayam,Coimbatore TN.",Coimbatore,Govt,Govt,"General Medicine,Pediatrics",11.1558617,76.9509637,"அரசு மருத்துவமனை, பெரியநாயக்கன்பாளையம், கோயம்புத்தூர், தமிழ்நாடு."
TNH0192,H_22390,"Govt. Hospital,sulur,Coimbatore TN.",Coimbatore,Govt,Govt,"General Medicine,Pediatrics",11.0250228,77.1230599,"அரசு மருத்துவமனை, சூலூர், கோயம்புத்தூர் TN."
TNH0193,H_23249,"Govt.ESI Medical College Hospital, Coimbatore TN.",Coimbatore,Govt,Govt,"General Medicine,Pediatrics",10.9954372,76.9702762,"அரசு இஎஸ்ஐ மருத்துவக் கல்லூரி மருத்துவமனை, கோயம்புத்தூர், தமிழ்நாடு."
TNH0194,H_18474,"Govt.Head Quarters Hospital,Coimbatore TN.",Coimbatore,Govt,Govt,"General Medicine,Pediatrics",10.658196,77.009402,"அரசு தலைமை மருத்துவமனை, கோயம்புத்தூர், தமிழ்நாடு."
TNH0195,H_20922,"Gowtham Hospital, Kuniamuthur, Coimbatore TN.",Coimbatore,PVT,PVT,Multi-Speciality,10.9620716,76.9555879,"கவுதம் மருத்துவமனை, குனியமுத்தூர், கோயம்புத்தூர் டி.என்."
TNH0196,H_18991,"Hindusthan Hospital,Coimbatore TN.",Coimbatore,PVT,PVT,Multi-Speciality,11.019653,76.9950548,"ஹிந்துஸ்தான் மருத்துவமனை, கோயம்புத்தூர், தமிழ்நாடு."
TNH0198,H_26053,"JP Hospital, Coimbatore, TN. ",Coimbatore,PVT,PVT,Multi-Speciality,11.006348,77.0433077,"ஜேபி மருத்துவமனை, கோயம்புத்தூர், தமிழ்நாடு."
TNH0199,H_18963,"K.G.M Hopital Pollachi,Coimbatore TN.",Coimbatore,PVT,PVT,Multi-Speciality,10.6701551,77.0075244,"கே.ஜி.எம் ஹாபிடல் பொள்ளாச்சி, கோயம்புத்தூர் டி.என்."
TNH0200,H_18234,"K.G.M.Hospital,Coimbatore TN.",Coimbatore,PVT,PVT,Multi-Speciality,11.0569752,77.0672844,"கே.ஜி.எம். மருத்துவமனை, கோயம்புத்தூர், தமிழ்நாடு."
TNH0201,H_18998,"K.R.Health Care,Coimbatore TN.",Coimbatore,PVT,PVT,Multi-Speciality,10.9877621,76.9391639,"கே.ஆர். ஹெல்த் கேர், கோயம்புத்தூர், தமிழ்நாடு."
TNH0202,H_18894,"Kalpana Medical Ctr Kavundampalayam,Coimbatore TN.",Coimbatore,PVT,PVT,Multi-Speciality,11.046983,76.9474325,"கல்பனா மெடிக்கல் Ctr கவுண்டம்பாளையம், கோயம்புத்தூர் TN."
TNH0203,H_18999,"Karpagam Hospital Mandapam,Coimbatore TN.",Coimbatore,PVT,PVT,Multi-Speciality,10.8839956,77.007064,"கற்பகம் மருத்துவமனை மண்டபம், கோயம்புத்தூர் TN."
TNH0204,H_18538,"KG Hospital,Coimbatore TN.",Coimbatore,PVT,PVT,Multi-Speciality,11.0002319,76.9715735,"கே.ஜி. மருத்துவமனை, கோயம்புத்தூர், தமிழ்நாடு."
TNH0205,H_18565,"Kiruba Hospital,Coimbatore TN.",Coimbatore,PVT,PVT,Multi-Speciality,11.0335382,76.9295328,"கிருபா மருத்துவமனை, கோயம்புத்தூர் TN."
TNH0206,H_18559,"KM Hospital,Coimbatore TN.",Coimbatore,PVT,PVT,Multi-Speciality,10.6626981,77.0007914,"கே.எம். மருத்துவமனை, கோயம்புத்தூர், தமிழ்நாடு."
TNH0207,H_22667,"KMCH City Centre, Ram Nagar, Coimbatore TN.",Coimbatore,PVT,PVT,Multi-Speciality,11.0154033,76.9612858,"கே.எம்.சி.எச் சிட்டி சென்டர், ராம் நகர், கோயம்புத்தூர், தமிழ்நாடு."
TNH0208,H_23521,"KMCH Kovilampalayam Hospital, Coimbatore, TN.",Coimbatore,PVT,PVT,Multi-Speciality,11.1333953,77.0340327,"KMCH கோவிலம்பாளையம் மருத்துவமனை, கோயம்புத்தூர், TN."
TNH0209,H_22668,"KMCH Sulur centre, Sulur,Coimbatore TN.",Coimbatore,PVT,PVT,Multi-Speciality,11.0282045,77.1343829,"KMCH சூலூர் மையம், சூலூர், கோயம்புத்தூர் TN."
TNH0210,H_18550,"Kongunad Hospital,Coimbatore TN.",Coimbatore,PVT,PVT,Multi-Speciality,11.0177398,76.9605906,"கொங்குநாடு மருத்துவமனை, கோயம்புத்தூர், தமிழ்நாடு."
TNH0212,H_18603,"Kovai Medical Center and Hospital,Coimbatore TN.",Coimbatore,PVT,PVT,Multi-Speciality,11.0419668,77.0404402,"கோவை மருத்துவ மையம் மற்றும் மருத்துவமனை, கோயம்புத்தூர், தமிழ்நாடு."
TNH0214,H_23563,"Kumaran MedicalCentre,Kurumbapalyam,Coimbatore TN.",Coimbatore,PVT,PVT,Multi-Speciality,11.1073322,77.0239801,"குமரன் மருத்துவ மையம், குரும்பபாளையம், கோயம்புத்தூர் TN."
TNH0215,H_19623,"Manu Hospital Sungam Byepass Road, Coimbatore TN.",Coimbatore,PVT,PVT,Multi-Speciality,10.9939074,76.9831632,"மனு மருத்துவமனை, சுங்கம் பைபாஸ் சாலை, கோயம்புத்தூர், தமிழ்நாடு."
TNH0217,H_24318,"Medwin Hospital, Coimbatore TN.",Coimbatore,PVT,PVT,Multi-Speciality,10.9971941,77.0051504,"மெட்வின் மருத்துவமனை, கோயம்புத்தூர் TN."
TNH0219,H_24037,"Mowthi Nursing Home Pvt Ltd, Coimbatore TN. ",Coimbatore,PVT,PVT,Multi-Speciality,11.0291952,76.9018648,"மோவ்தி நர்சிங் ஹோம் பிரைவேட் லிமிடெட், கோயம்புத்தூர், தமிழ்நாடு."
TNH0220,H_19001,"N.G Hospital Singanallur,Coimbatore TN.",Coimbatore,PVT,PVT,Multi-Speciality,11.0004084,77.0292903,"என்.ஜி மருத்துவமனை, சிங்கநல்லூர், கோயம்புத்தூர், தமிழ்நாடு."
TNH0221,H_18198,"N.M.Hospital, Coimbatore TN.",Coimbatore,PVT,PVT,Multi-Speciality,10.9981723,76.9994724,"என்.எம். மருத்துவமனை, கோயம்புத்தூர், தமிழ்நாடு."
TNH0222,H_18993,"Nataraj Medical Care Ctr Madukkarai,Coimbatore TN.",Coimbatore,PVT,PVT,Multi-Speciality,10.9100832,76.9487531,"நடராஜ் மெடிக்கல் கேர் Ctr மதுக்கரை, கோயம்புத்தூர் TN."
TNH0223,H_25848,"Newbridge centre, Autism, Coimbatore, TN.",Coimbatore,Pvt,Pvt,Psychology,11.014499,77.0179422,"நியூபிரிட்ஜ் மையம், ஆட்டிசம், கோயம்புத்தூர், தமிழ்நாடு."
TNH0224,H_24078,"NRP hospital, sundrapuram, Coimbatore TN.",Coimbatore,PVT,PVT,Multi-Speciality,10.9582748,76.9710849,"என்ஆர்பி மருத்துவமனை, சுந்தராபுரம், கோயம்புத்தூர் டிஎன்."
TNH0226,H_23265,"Pathogenix Labs, Coimbatore DC.",Coimbatore,Pvt,Pvt,Multi-Speciality,11.0257815,77.0139763,"பாத்தோஜெனிஸ் லேப்ஸ், கோயம்புத்தூர் டி.சி."
TNH0227,H_26367,"PERUR SATHALINGA ADIKALAR HOSPITAL AND RESEARCH I, COIMBATORE, TN.",Coimbatore,Pvt,Pvt,Multi-Speciality,10.9794961,76.9191102,"பேரூர் சாத்தலிங்க அடிகளார் மருத்துவமனை மற்றும் ஆராய்ச்சி I, கோயம்புத்தூர், TN."
TNH0228,H_26364,"PGS HOSPITAL, COIMBATORE,TN.",Coimbatore,Pvt,Pvt,Multi-Speciality,11.0185946,76.9778221,"பிஜிஎஸ் மருத்துவமனை, கோயம்புத்தூர், தமிழ்நாடு."
TNH0229,H_20020,"Pills Hospital Pollachi, Coimbatore TN.",Coimbatore,PVT,PVT,Multi-Speciality,10.6641203,77.0104091,"பில்ஸ் மருத்துவமனை, பொள்ளாச்சி, கோயம்புத்தூர், தமிழ்நாடு."
TNH0230,H_23609,"PIMS Hospital, Palakkad TN.",Coimbatore,PVT,PVT,Multi-Speciality,10.8276363,76.8328497,"பிம்ஸ் மருத்துவமனை, பாலக்காடு, தமிழ்நாடு."
TNH0232,H_21133,"Preethi Medical Centre, Coimbatore TN.",Coimbatore,PVT,PVT,Multi-Speciality,11.0207446,76.9650053,"பிரீத்தி மருத்துவ மையம், கோயம்புத்தூர் டி.என்."
TNH0233,H_24325,"Prema Hospital, kaniyur, Coimbatore TN.",Coimbatore,PVT,PVT,Multi-Speciality,11.1023122,77.1696018,"பிரேமா மருத்துவமனை, கணியூர், கோயம்புத்தூர் TN."
TNH0234,H_18597,"PSG Hospitals,Coimbatore TN.",Coimbatore,PVT,PVT,Multi-Speciality,11.0185844,77.0068149,"பிஎஸ்ஜி மருத்துவமனைகள், கோயம்புத்தூர், தமிழ்நாடு."
TNH0235,H_24337,"Rajam Medi Centre and Hosp P Ltd, Coimbatore TN.",Coimbatore,PVT,PVT,Multi-Speciality,11.0279713,76.9665765,"ராஜம் மெடி சென்டர் மற்றும் ஹாஸ்ப் பி லிமிடெட், கோயம்புத்தூர் டி.என்."
TNH0237,H_18989,"Richmond Hospital Trichy Road,Coimbatore TN.",Coimbatore,PVT,PVT,Multi-Speciality,10.9945676,76.9793788,"ரிச்மண்ட் மருத்துவமனை, திருச்சி சாலை, கோயம்புத்தூர், தமிழ்நாடு."
TNH0238,H_23522,"Royal Care Hospital, LandT Road, Coimbatore TN.",Coimbatore,PVT,PVT,Multi-Speciality,10.9361931,76.9995968,"ராயல் கேர் மருத்துவமனை, லேண்ட்டி சாலை, கோயம்புத்தூர் டி.என்."
TNH0240,H_18967,"S.P.T Hospital Ramnagar,Coimbatore TN.",Coimbatore,PVT,PVT,Multi-Speciality,11.0142765,76.9614268,"எஸ்.பி.டி மருத்துவமனை, ராம்நகர், கோயம்புத்தூர், தமிழ்நாடு."
TNH0241,H_26055,"Sai Medical Centre, Coimbatore, TN.",Coimbatore,PVT,PVT,Multi-Speciality,11.0842659,76.9388994,"சாய் மருத்துவ மையம், கோயம்புத்தூர், தமிழ்நாடு."
TNH0242,H_18927,"Sangeetha Super Specialilty Hosp,Coimbatore TN.",Coimbatore,PVT,PVT,Multi-Speciality,10.9637563,76.956317,"சங்கீதா சூப்பர் ஸ்பெஷாலிட்டி மருத்துவமனை, கோயம்புத்தூர், தமிழ்நாடு."
TNH0243,H_22669,"Sathya Medical Center, Coimbatore TN.",Coimbatore,PVT,PVT,"General Medicine,Gynecology,ENT",11.0237814,76.9583307,"சத்யா மருத்துவ மையம், கோயம்புத்தூர், தமிழ்நாடு."
TNH0244,H_20019,"Shree Sivaa Hospital, Coimbatore TN.",Coimbatore,PVT,PVT,Multi-Speciality,11.0441742,76.9855823,"ஸ்ரீ சிவா மருத்துவமனை, கோயம்புத்தூர் டி.என்."
TNH0246,H_21972,"SMF Hospital,Annur,Coimbatore TN.",Coimbatore,PVT,PVT,Multi-Speciality,11.2324528,77.1013216,"எஸ்.எம்.எஃப் மருத்துவமனை, அன்னூர், கோயம்புத்தூர், தமிழ்நாடு."
TNH0248,H_18994,"Sowmiya Hospital Karamadai,Coimbatore TN.",Coimbatore,PVT,PVT,Multi-Speciality,11.2380099,76.9652566,"சௌமியா மருத்துவமனை காரமடை, கோயம்புத்தூர் TN."
TNH0250,H_18324,"Sree Abirami Hospital, Coimbatore TN.",Coimbatore,PVT,PVT,Multi-Speciality,10.9526556,76.9731655,"ஸ்ரீ அபிராமி மருத்துவமனை, கோயம்புத்தூர், தமிழ்நாடு."
TNH0251,H_18882,"Sri Bala Medical Ctr Ramanathapuram,Coimbatore TN.",Coimbatore,PVT,PVT,Multi-Speciality,10.9966763,76.9954676,"ஸ்ரீ பாலா மருத்துவ மையம், இராமநாதபுரம், கோயம்புத்தூர், தமிழ்நாடு."
TNH0252,H_18326,"Sri Lakshmi Hospital, Coimbatore TN.",Coimbatore,PVT,PVT,"Orthopedics,Gynecology,General Medicine",11.0782275,76.9409744,"ஸ்ரீ லக்ஷ்மி மருத்துவமனை, கோயம்புத்தூர், தமிழ்நாடு."
TNH0253,H_18599,"Sri Ramakrishna Hospital,Coimbatore TN.",Coimbatore,PVT,PVT,Multi-Speciality,11.02318,76.9777328,"ஸ்ரீ ராமகிருஷ்ண மருத்துவமனை, கோயம்புத்தூர், தமிழ்நாடு."
TNH0255,H_19628,"Vela Hospital Pvt Ltd Singanallur, Coimbatore TN.",Coimbatore,PVT,PVT,Multi-Speciality,11.001779,77.0300089,"வேலா மருத்துவமனை பிரைவேட் லிமிடெட், சிங்கநல்லூர், கோயம்புத்தூர், தமிழ்நாடு."
TNH0256,H_23250,"VG Hospital, Coimbatore TN.",Coimbatore,PVT,PVT,Multi-Speciality,11.0706472,76.9418137,"வி.ஜி. மருத்துவமனை, கோயம்புத்தூர், தமிழ்நாடு."
TNH0257,H_18595,"VGM Hospital,Coimbatore TN.",Coimbatore,PVT,PVT,Multi-Speciality,10.9984898,77.0144062,"வி.ஜி.எம் மருத்துவமனை, கோயம்புத்தூர், தமிழ்நாடு."
TNH0258,H_22388,"Vidya Vikasini Opp. school, Autism, Coimbatore TN.",Coimbatore,Pvt,Pvt,Psychology,11.069935,76.9421142,"வித்யா விகாசினி எதிரில். பள்ளி, ஆட்டிசம், கோயம்புத்தூர் டி.என்."
TNH0259,H_18211,"A G Padmavathys Hospital Pvt Limited,Cuddalore TN.",Cuddalore,PVT HOSPITAL,Pvt,Multi-Speciality,11.7466405,79.7570249,"ஏ ஜி பத்மாவதிஸ் மருத்துவமனை பிரைவேட் லிமிடெட், கடலூர், தமிழ்நாடு."
TNH0260,H_18686,"Arupadaiveedu medical college,Cuddalore TN.",Cuddalore,PVT HOSPITAL,Pvt,Multi-Speciality,11.8310966,79.7798013,"ஆறுபடைவீடு மருத்துவக் கல்லூரி, கடலூர் டி.என்."
TNH0261,H_22015,"Chandra Hospital,Cuddalore,TN.",Cuddalore,PVT HOSPITAL,Pvt,Multi-Speciality,11.5196709,79.3237728,"சந்திரா மருத்துவமனை, கடலூர், தமிழ்நாடு."
TNH0262,H_23711,"Cuddalore speciality hospital,Cuddalore TN.",Cuddalore,PVT HOSPITAL,Pvt,Multi-Speciality,11.7606674,79.7632028,"கடலூர் சிறப்பு மருத்துவமனை, கடலூர், தமிழ்நாடு."
TNH0263,H_20054,EAST COAST HOSPITAL PONDICHERRY TN.,Cuddalore,PVT HOSPITAL,Pvt,Multi-Speciality,11.930022,79.7794994,"கிழக்கு கடற்கரை மருத்துவமனை, பாண்டிச்சேரி, தமிழ்நாடு."
TNH0264,H_25852,"Govt Bhuvanagiri Taluk Hospital , Cuddalore TN.",Cuddalore,Govt-DMS,Govt,"General Medicine,Pediatrics",11.4407783,79.6291191,"அரசு புவனகிரி தாலுகா மருத்துவமனை, கடலூர் டி.என்."
TNH0265,H_21148,"Govt Hospital kattumannarkudi,Cuddalore TN.",Cuddalore,Govt-DMS,Govt,"General Medicine,Pediatrics",11.2735447,79.6224277,"அரசு மருத்துவமனை காட்டுமன்னார்குடி, கடலூர் டி.என்."
TNH0266,H_21146,"Govt Hospital Kurinjipadi, Cuddalore TN.",Cuddalore,Govt-DMS,Govt,"General Medicine,Pediatrics",11.5647754,79.5931112,"அரசு மருத்துவமனை குறிஞ்சிப்பாடி, கடலூர் டி.என்."
TNH0267,H_21147,"Govt Hospital Panruti, Cuddalore TN.",Cuddalore,Govt-DMS,Govt,"General Medicine,Pediatrics",11.7673589,79.5496311,"அரசு மருத்துவமனை பண்ருட்டி, கடலூர், தமிழ்நாடு."
TNH0268,H_22124,"Govt Hospital Parangipetai,Cuddalore TN.",Cuddalore,Govt-DMS,Govt,"General Medicine,Pediatrics",11.4904279,79.7571738,"அரசு மருத்துவமனை பரங்கிப்பேட்டை, கடலூர் TN."
TNH0269,H_21149,"Govt Hospital Tittakudi, Cuddalore TN.",Cuddalore,Govt-DMS,Govt,"General Medicine,Pediatrics",11.4014147,79.1227126,"அரசு மருத்துவமனை திட்டக்குடி, கடலூர் டி.என்."
TNH0270,H_25851,"Govt Veppur Taluk Hospital , Cuddalore TN.",Cuddalore,Govt-DMS,Govt,"General Medicine,Pediatrics",11.5358875,79.1245156,"அரசு வெப்பூர் தாலுகா மருத்துவமனை, கடலூர், தமிழ்நாடு."
TNH0271,H_18862,"Govt. Chidambaram Hospital, Cuddalore TN.",Cuddalore,Govt-DMS,Govt,"General Medicine,Pediatrics",11.3737048,79.6676149,"அரசு சிதம்பரம் மருத்துவமனை, கடலூர், தமிழ்நாடு."
TNH0272,H_18863,"Govt. Virudhachalam Hospital, Cuddalore TN.",Cuddalore,Govt-DMS,Govt,"General Medicine,Pediatrics",11.5156632,79.3198679,"அரசு விருத்தாசலம் மருத்துவமனை, கடலூர் டி.என்."
TNH0273,H_18475,"Govt.Head Quarters Hospital,Cuddalore TN.",Cuddalore,Govt-DMS,Govt,"General Medicine,Pediatrics",11.7567909,79.7597877,"அரசு தலைமை மருத்துவமனை, கடலூர், தமிழ்நாடு."
TNH0294,H_19771,"Jipmer Hospital Pondicherry,TN.",Cuddalore,PVT HOSPITAL,Pvt,Multi-Speciality,11.9542313,79.7971406,"ஜிப்மர் மருத்துவமனை, பாண்டிச்சேரி, தமிழ்நாடு."
TNH0295,H_18771,"KRISHNA HOSPITAL, Cuddalore TN.",Cuddalore,PVT HOSPITAL,Pvt,Multi-Speciality,11.7572404,79.7614021,"கிருஷ்ணா மருத்துவமனை, கடலூர், தமிழ்நாடு."
TNH0296,H_18614,"Mahatma Gandhi Medical College,Pondicherry TN.",Cuddalore,PVT HOSPITAL,Pvt,Multi-Speciality,11.8120031,79.7780917,"மகாத்மா காந்தி மருத்துவக் கல்லூரி, பாண்டிச்சேரி, தமிழ்நாடு."
TNH0297,H_18801,"MANAKULA VINAYAGAR MEDICAL COLLEGE, PONDICHERRY TN",Cuddalore,PVT HOSPITAL,Pvt,Multi-Speciality,11.9213856,79.628235,"மணக்குள விநாயகர் மருத்துவக் கல்லூரி, பாண்டிச்சேரி TN"
TNH0298,H_18245,"PIMS, Pondicherry TN.",Cuddalore,PVT HOSPITAL,Pvt,Multi-Speciality,11.755588,79.7627682,"பிஐஎம்எஸ், பாண்டிச்சேரி, தமிழ்நாடு."
TNH0299,H_18357,"Rajah Muthiah Med Coll And Hospital, Cuddalore TN.",Cuddalore,Govt-DME,Govt,"General Medicine,Pediatrics",11.7480419,79.7713687,"ராஜா முத்தையா மருத்துவக் கல்லூரி மற்றும் மருத்துவமனை, கடலூர் TN."
TNH0300,H_21408,"Sri Lakshmi Narayana Institute, Pondicherry TN.",Cuddalore,PVT HOSPITAL,Pvt,Multi-Speciality,11.9383271,79.7360185,"ஸ்ரீ லக்ஷ்மி நாராயண நிறுவனம், பாண்டிச்சேரி, தமிழ்நாடு."
TNH0301,H_18802,"SRI VENKATESWARA MEDICAL COLLEGE, PONDICHERRY TN.",Cuddalore,PVT HOSPITAL,Pvt,Multi-Speciality,11.903647,79.7016602,"ஸ்ரீ வெங்கடேஸ்வரா மருத்துவக் கல்லூரி, பாண்டிச்சேரி, தமிழ்நாடு."
TNH0302,H_22095,"Subha Anandham Medical Centre,Cuddalore,TN.",Cuddalore,PVT HOSPITAL,Pvt,Multi-Speciality,11.7576227,79.7573626,"சுபா ஆனந்தம் மருத்துவ மையம், கடலூர், தமிழ்நாடு."
TNH0303,H_18346,"Vinayaga Mission Hospital, Pondicherry TN.",Cuddalore,PVT HOSPITAL,Pvt,Multi-Speciality,11.8311772,79.7831877,"விநாயக மிஷன் மருத்துவமனை, பாண்டிச்சேரி, தமிழ்நாடு."
TNH0305,H_22072,"BGR Hospital,Dharmapurai TN.",Dharmapuri,PVT HOSPITAL,Pvt,Multi-Speciality,12.130819,78.1610784,"பிஜிஆர் மருத்துவமனை, தர்மபுரை, தமிழ்நாடு."
TNH0306,H_26188,"Bharathi Speciality Hospital, Dharmapuri, TN.",Dharmapuri,PVT HOSPITAL,Pvt,Multi-Speciality,12.13393,77.9830931,"பாரதி சிறப்பு மருத்துவமனை, தர்மபுரி, டி.என்."
TNH0316,H_18891,"K.S.Hospital,Dharmapuri TN.",Dharmapuri,PVT HOSPITAL,Pvt,"Cardiology,Gastrology,Multi-Speciality",12.1324583,78.1620552,"கே.எஸ். மருத்துவமனை, தர்மபுரி, தமிழ்நாடு."
TNH0317,H_18889,"Kamalam Hospital,Dharmapuri TN.",Dharmapuri,PVT HOSPITAL,Pvt,Multi-Speciality,12.1318592,78.1591241,"கமலம் மருத்துவமனை, தர்மபுரி TN."
TNH0318,H_26037,"Kavan Hospital, Dharmapuri, TN.",Dharmapuri,PVT HOSPITAL,Pvt,Multi-Speciality,12.0657724,78.4724216,"கவண் மருத்துவமனை, தர்மபுரி, டி.என்."
TNH0319,H_18558,"KV Hospital,Dharmapuri TN.",Dharmapuri,PVT HOSPITAL,Pvt,Multi-Speciality,12.1260169,78.1586052,"கே.வி. மருத்துவமனை, தர்மபுரி, தமிழ்நாடு."
TNH0320,H_24844,"Meenakshi Hosp and fertility Centre,Dharmapuri TN. ",Dharmapuri,PVT HOSPITAL,Pvt,Multi-Speciality,12.1325938,78.1613303,"மீனாட்சி மருத்துவமனை மற்றும் கருவுறுதல் மையம், தர்மபுரி TN. "
TNH0321,H_26292,"Niranjan Hospital, Dharmapuri, TN.  ",Dharmapuri,PVT HOSPITAL,Pvt,Multi-Speciality,12.124072,78.1586041,"நிரஞ்சன் மருத்துவமனை, தருமபுரி, TN.  "
TNH0322,H_18546,"Om Sakthi Hospital,Dharmapuri TN.",Dharmapuri,PVT HOSPITAL,Pvt,Multi-Speciality,12.132386,78.1615601,"ஓம் சக்தி மருத்துவமனை, தர்மபுரி TN."
TNH0323,H_18306,"Supa Hospital, Pvt.Ltd, Dharmapuri TN.",Dharmapuri,PVT HOSPITAL,Pvt,Multi-Speciality,12.1327365,78.1624863,"சுபா மருத்துவமனை, பிரைவேட் லிமிடெட், தருமபுரி TN."
TNH0324,H_18709,"Thangam Hospital,Dharmapuri TN.",Dharmapuri,PVT HOSPITAL,Pvt,Multi-Speciality,12.1191744,78.1568771,"தங்கம் மருத்துவமனை, தர்மபுரி TN."
TNH0327,H_24480,"Govt.Ammainaickanur CHC,Dindigul TN. ",Dindigul,Govt,Govt,General Medicine,10.1677158,77.9123297,"அரசு அம்மைநாயக்கனூர் சிஎச்சி, திண்டுக்கல் டிஎன். "
TNH0328,H_24598,"Govt.CHC Athoor,Chinnalapatti, Dindigul TN.",Dindigul,Govt,Govt,General Medicine,10.278512,77.9244424,"அரசு சிஎச்சி ஆத்தூர், சின்னாளபட்டி, திண்டுக்கல் டிஎன்."
TNH0330,H_24481,"Govt.Kannivadi CHC,Dindigul TN. ",Dindigul,Govt,Govt,General Medicine,10.389163,77.7623739,"அரசு கன்னிவாடி சிஎச்சி, திண்டுக்கல் டிஎன். "
TNH0331,H_24484,"Govt.Kosavapatti CHC,Dindigul TN.",Dindigul,Govt,Govt,General Medicine,10.2888605,78.0609138,"அரசு கொசவபட்டி CHC, திண்டுக்கல் TN."
TNH0342,H_24485,"Govt.Thadikombu CHC,Dindigul TN.",Dindigul,Govt,Govt,General Medicine,10.4519877,77.9556841,"அரசு தாடிக்கொம்பு CHC, திண்டுக்கல் TN."
TNH0343,H_24483,"Govt.Uluppakudi CHC,Dindigul TN.",Dindigul,Govt,Govt,General Medicine,10.2261086,78.2294697,"அரசு உலுப்பக்குடி CHC, திண்டுக்கல் TN."
TNH0346,H_24482,"Govt.Viruveedu CHC,Dindigul TN.",Dindigul,Govt,Govt,General Medicine,10.0721318,77.7808083,"அரசு விருவீடு CHC, திண்டுக்கல் TN."
TNH0347,H_18458,"Ashok Krishna Hospital,Erode TN.",Erode,PVT HOSPITAL,Pvt,Multi-Speciality,11.4482702,77.6856755,"அசோக் கிருஷ்ணா மருத்துவமனை, ஈரோடு, தமிழ்நாடு."
TNH0348,H_22809,"Ashwin Hospital, Erode TN.",Erode,PVT HOSPITAL,Pvt,Multi-Speciality,11.3330116,77.7197555,"அஸ்வின் மருத்துவமனை, ஈரோடு, தமிழ்நாடு."
TNH0350,H_21975,"Care24 Medical Centre and Hospital, Erode TN.",Erode,PVT HOSPITAL,Pvt,Multi-Speciality,11.3265504,77.6881456,"கேர்24 மருத்துவ மையம் மற்றும் மருத்துவமனை, ஈரோடு, தமிழ்நாடு."
TNH0351,H_18534,"City Hospital,Erode TN.",Erode,PVT HOSPITAL,Pvt,Multi-Speciality,11.345132,77.730142,"நகர மருத்துவமனை, ஈரோடு, தமிழ்நாடு."
TNH0352,H_18535,"CK Hospital,Erode TN.",Erode,PVT HOSPITAL,Pvt,Multi-Speciality,11.332718,77.7280918,"சி.கே. மருத்துவமனை, ஈரோடு, தமிழ்நாடு."
TNH0353,H_18254,"Dakshin Trauma Center,Erode TN.",Erode,PVT HOSPITAL,Pvt,Multi-Speciality,11.3410364,77.7171642,"தக்ஷின் ட்ராமா சென்டர், ஈரோடு TN."
TNH0354,H_18366,"Dr.K.M.Nallaswamy Hospital,Erode TN.",Erode,PVT HOSPITAL,Pvt,Multi-Speciality,11.3367344,77.7183894,"டாக்டர் கே.எம்.நல்லசுவாமி மருத்துவமனை, ஈரோடு, தமிழ்நாடு."
TNH0355,H_22061,"Erode Emergency Care Center,Thindal, Erode TN.",Erode,PVT HOSPITAL,Pvt,Multi-Speciality,11.3322394,77.6826341,"ஈரோடு அவசர சிகிச்சை மையம், திண்டல், ஈரோடு, தமிழ்நாடு."
TNH0356,H_22063,"Erode Medical Centre, Perundurai Road, Erode TN.",Erode,PVT HOSPITAL,Pvt,Multi-Speciality,11.3348704,77.704512,"ஈரோடு மருத்துவ மையம், பெருந்துறை ரோடு, ஈரோடு டி.என்."
TNH0362,H_19712,"Govt Hospital Bhavani, Erode TN.",Erode,Govt-DMS,Govt,"General Medicine,Pediatrics",11.4509599,77.6820652,"அரசு மருத்துவமனை பவானி, ஈரோடு டி.என்."
TNH0363,H_25831,"Govt Hospital Kavunthapadi, Erode TN.",Erode,Govt-DMS,Govt,"General Medicine,Pediatrics",11.4712892,77.5051675,"அரசு மருத்துவமனை, கவுண்டபாடி, ஈரோடு, தமிழ்நாடு."
TNH0364,H_25830,"Govt Hospital Kodumudi, Erode TN. ",Erode,Govt-DMS,Govt,"General Medicine,Pediatrics",11.0818736,77.8848219,"அரசு மருத்துவமனை கொடுமுடி, ஈரோடு டி.என். "
TNH0378,H_22311,"Govt. Erode Medical College and Hosp, Erode TN.",Erode,Govt-DME,Govt,"General Medicine,Pediatrics",11.2813433,77.5676048,"அரசு ஈரோடு மருத்துவக் கல்லூரி மற்றும் மருத்துவமனை, ஈரோடு, தமிழ்நாடு."
TNH0379,H_18525,"Govt. Hospital Gobichettipalayam, Erode TN.",Erode,Govt-DMS,Govt,"General Medicine,Pediatrics",11.4564618,77.4291007,"அரசு மருத்துவமனை, கோபிசெட்டிபாளையம், ஈரோடு, தமிழ்நாடு."
TNH0380,H_22083,"Govt. Hospital,Anthiyur, Erode TN.",Erode,Govt-DMS,Govt,"General Medicine,Pediatrics",11.5770734,77.5877318,"அரசு மருத்துவமனை, அந்தியூர், ஈரோடு TN."
TNH0381,H_22085,"Govt. Hospital,Perundurai, Erode TN.",Erode,Govt-DMS,Govt,"General Medicine,Pediatrics",11.2759785,77.5874127,"அரசு மருத்துவமனை, பெருந்துறை, ஈரோடு TN."
TNH0382,H_22084,"Govt. Hospital,Sathyamangalam, Erode TN.",Erode,Govt-DMS,Govt,"General Medicine,Pediatrics",11.5028537,77.2586935,"அரசு மருத்துவமனை, சத்தியமங்கலம், ஈரோடு, தமிழ்நாடு."
TNH0383,H_18478,"Govt.Head Quarters Hospital,Erode TN.",Erode,Govt-DMS,Govt,"General Medicine,Pediatrics",11.3398213,77.7172966,"அரசு தலைமை மருத்துவமனை, ஈரோடு, தமிழ்நாடு."
TNH0384,H_19482,"K.B.N Nursing Home,Krishna Theatre Road,Erode TN.",Erode,PVT HOSPITAL,Pvt,Multi-Speciality,11.3446841,77.731623,"கே.பி.என் நர்சிங் ஹோம், கிருஷ்ணா தியேட்டர் ரோடு, ஈரோடு, தமிழ்நாடு."
TNH0385,H_25721,"K.K.S. Hospital,Gobichettipalayam, Erode TN.",Erode,PVT HOSPITAL,PVT,"Nephrology,Urology,General Medicine",11.4551306,77.4393463,"கே.கே.எஸ். மருத்துவமனை, கோபிசெட்டிபாளையம், ஈரோடு, தமிழ்நாடு."
TNH0386,H_23844,"Kalingarayan Medical centre,Gandhi Nagar Erode TN.",Erode,PVT HOSPITAL,PVT,Multi-Speciality,11.3407799,77.705796,"காளிங்கராயன் மருத்துவ மையம், காந்தி நகர் ஈரோடு TN."
TNH0387,H_18552,"KGR Surgical Nursing Home,Erode TN.",Erode,PVT HOSPITAL,Pvt,Multi-Speciality,11.5050733,77.2453357,"கேஜிஆர் அறுவை சிகிச்சை முதியோர் இல்லம், ஈரோடு, தமிழ்நாடு."
TNH0388,H_19484,"KMCH Speciality Hospital,Palaniyappa St,Erode TN.",Erode,PVT HOSPITAL,Pvt,Multi-Speciality,11.3395737,77.7162364,"கே.எம்.சி.எச் சிறப்பு மருத்துவமனை, பழனியப்பா தெரு, ஈரோடு, தமிழ்நாடு."
TNH0389,H_18272,"Kovai Medical Centre,Erode TN.",Erode,PVT HOSPITAL,Pvt,Multi-Speciality,11.0419668,77.0404402,"கோவை மருத்துவ மையம், ஈரோடு TN."
TNH0390,H_18313,"Lotus Hospitals Research Centre Ltd,Erode TN.",Erode,PVT HOSPITAL,Pvt,Multi-Speciality,11.326011,77.730096,"லோட்டஸ் மருத்துவமனை ஆராய்ச்சி மையம் லிமிடெட், ஈரோடு, தமிழ்நாடு."
TNH0391,H_18378,"Maaruthi Mediccal Center And Hospitals, Erode TN.",Erode,PVT HOSPITAL,Pvt,Multi-Speciality,11.3410364,77.7171642,"மாருதி மருத்துவ மையம் மற்றும் மருத்துவமனைகள், ஈரோடு TN."
TNH0392,H_24509,"Manian Medical Centre, ErodeTN.",Erode,PVT HOSPITAL,Pvt,Multi-Speciality,11.3370035,77.7188598,"மணியன் மருத்துவ மையம், ஈரோடு, தமிழ்நாடு."
TNH0393,H_23749,"Nandha Medical College and Hospital, Erode TN.",Erode,PVT HOSPITAL,Pvt,Multi-Speciality,11.2852787,77.6199054,"நந்தா மருத்துவக் கல்லூரி மற்றும் மருத்துவமனை, ஈரோடு, தமிழ்நாடு."
TNH0394,H_22821,"P K Hospital, Erode TN.",Erode,PVT HOSPITAL,Pvt,Multi-Speciality,11.3389795,77.7163796,"பி கே மருத்துவமனை, ஈரோடு, தமிழ்நாடு."
TNH0395,H_18581,"PGR Hospital,Erode TN.",Erode,PVT HOSPITAL,Pvt,Multi-Speciality,11.4512103,77.6872565,"பிஜிஆர் மருத்துவமனை, ஈரோடு, தமிழ்நாடு."
TNH0397,H_22820,"Sri Chakra Hospital, Erode TN.",Erode,PVT HOSPITAL,Pvt,Multi-Speciality,11.3410364,77.7171642,"ஸ்ரீ சக்ரா மருத்துவமனை, ஈரோடு, தமிழ்நாடு."
TNH0398,H_25003,"Anbu Hospital, Kallakurichi TN.",Kallakurichi,PVT HOSPITAL,Pvt,Multi-Speciality,11.7401136,78.9610133,"அன்பு மருத்துவமனை, கள்ளக்குறிச்சி டி.என்."
TNH0402,H_23019,"Govt Hospital Sankarapuram, Kallakurichi TN.",Kallakurichi,Govt-DMS,Govt,"General Medicine,Pediatrics",11.7383735,78.9638899,"அரசு மருத்துவமனை சங்கராபுரம், கள்ளக்குறிச்சி டி.என்."
TNH0403,H_20719,"Govt Hospital Ulundurpet, Kallakurichi TN.",Kallakurichi,Govt-DMS,Govt,"General Medicine,Pediatrics",11.688664,79.2724316,"அரசு மருத்துவமனை உளுந்தூர்பேட்டை, கள்ளக்குறிச்சி டி.என்."
TNH0404,H_24453,"Govt Hospital, Chinnasalem, Kallakurichi TN.",Kallakurichi,Govt-DMS,Govt,"General Medicine,Pediatrics",11.6658029,78.8729211,"அரசு மருத்துவமனை, சின்னசேலம், கள்ளக்குறிச்சி டி.என்."
TNH0412,H_19730,"Govt.Head Quarters,Thirukovilur,Kallakurichi TN.",Kallakurichi,Govt-DMS,Govt,"General Medicine,Pediatrics",11.9442832,79.2391223,"அரசு தலைமை அலுவலகம், திருக்கோவிலூர், கள்ளக்குறிச்சி TN."
TNH0413,H_18493,"Govt.Medical College and Hosp, Kallakurichi TN.",Kallakurichi,Govt-DME,Govt,"General Medicine,Pediatrics",11.7383735,78.9638899,"அரசு மருத்துவக் கல்லூரி மற்றும் மருத்துவமனை, கள்ளக்குறிச்சி டி.என்."
TNH0415,H_21996,"KS emergency and medical centre, Kallakurichi TN.",Kallakurichi,PVT HOSPITAL,Pvt,"Nephrology,Multi-Speciality",11.731198,78.960915,"கே.எஸ் அவசர மற்றும் மருத்துவ மையம், கள்ளக்குறிச்சி, தமிழ்நாடு."
TNH0418,H_22760,"S A Hospital, Sankarapuram, Kallakurichi TN.",Kallakurichi,PVT HOSPITAL,Pvt,Multi-Speciality,11.8008578,78.9429417,"எஸ் ஏ மருத்துவமனை, சங்கராபுரம், கள்ளக்குறிச்சி டிஎன்."
TNH0421,H_23418,"Sri Ram Hospital, Kallakurichi TN.",Kallakurichi,PVT HOSPITAL,Pvt,Multi-Speciality,11.9550269,79.1927799,"ஸ்ரீராம் மருத்துவமனை, கள்ளக்குறிச்சி டி.என்."
TNH0422,H_18327,"Sri Sanjeevi Hospital, Kallakurichi TN.",Kallakurichi,PVT HOSPITAL,Pvt,Multi-Speciality,11.7382416,78.9665475,"ஸ்ரீ சஞ்சீவி மருத்துவமனை, கள்ளக்குறிச்சி டி.என்."
TNH0425,H_26009,"Annaii Med Coll and Hospital, Kancheepuram, TN.",Kancheepuram,PVT HOSPITAL,Pvt,Multi-Speciality,12.8115656,79.7287954,"அன்னை மருத்துவக் கல்லூரி மற்றும் மருத்துவமனை, காஞ்சிபுரம், தமிழ்நாடு."
TNH0427,H_24490,"Govt. CHC Maduramangalam,Kancheepuram TN.",Kancheepuram,Govt-MTM,Govt,General Medicine,12.9521654,79.8142658,"அரசு CHC மதுரமங்கலம், காஞ்சிபுரம் TN."
TNH0428,H_24489,"Govt.CHC Parandur,Kancheepuram TN.",Kancheepuram,Govt-MTM,Govt,General Medicine,12.9305481,79.7343791,"Govt.CHC பரந்தூர், காஞ்சிபுரம் TN."
TNH0435,H_21127,"Madha Medical College, Kancheepuram TN.",Kancheepuram,PVT HOSPITAL,Pvt,Multi-Speciality,13.0042576,80.1128473,"மாதா மருத்துவக் கல்லூரி, காஞ்சிபுரம் டி.என்."
TNH0436,H_22437,"Mahalakshmi Multi Spec Hospital, Kanchipuram TN.",Kancheepuram,PVT HOSPITAL,Pvt,Multi-Speciality,12.8071321,79.6796,"மகாலட்சுமி மல்டி ஸ்பெக் மருத்துவமனை, காஞ்சிபுரம் டி.என்."
TNH0437,H_18392,"Meenakshi Medical College, Kancheepuram TN.",Kancheepuram,PVT HOSPITAL,Pvt,Multi-Speciality,12.872423,79.7238984,"மீனாட்சி மருத்துவக் கல்லூரி, காஞ்சிபுரம் டி.என்."
TNH0439,H_26145,"Raphael Life Care Hospital, Kancheepuram, TN.",Kancheepuram,PVT HOSPITAL,Pvt,Multi-Speciality,12.6127656,79.7849022,"ரபேல் லைஃப் கேர் மருத்துவமனை, காஞ்சிபுரம், தமிழ்நாடு."
TNH0441,H_22824,"Saveetha Medical Centre,Thandalam,Kancheepuram TN.",Kancheepuram,PVT HOSPITAL,Pvt,Multi-Speciality,13.0239375,80.0164375,"சவீதா மருத்துவ மையம், தண்டலம், காஞ்சிபுரம் TN."
TNH0442,H_18767,"Saveetha Medical Coll and Hosp, Kancheepuram TN.",Kancheepuram,PVT HOSPITAL,Pvt,Multi-Speciality,13.0245268,80.0175223,"சவீதா மருத்துவக் கல்லூரி மற்றும் மருத்துவமனை, காஞ்சிபுரம் TN."
TNH0443,H_22800,"Sayee Hospitals,Padappai,Kancheepuram TN.",Kancheepuram,PVT HOSPITAL,Pvt,Multi-Speciality,12.887888,80.02598,"சாயீ மருத்துவமனைகள், படப்பை, காஞ்சிபுரம் TN."
TNH0444,H_26008,"Sri Mamallan Hospital, Kancheepuram, TN.",Kancheepuram,PVT HOSPITAL,Pvt,Multi-Speciality,12.8542124,79.7077383,"ஸ்ரீ மாமல்லன் மருத்துவமனை, காஞ்சிபுரம், TN."
TNH0445,H_18251,"Sri Muthukumaran Med col and hos, Kancheepuram TN.",Kancheepuram,PVT HOSPITAL,Pvt,Multi-Speciality,13.0182636,80.1089388,"ஸ்ரீ முத்துக்குமரன் மெட் கோல் அண்ட் ஹோஸ், காஞ்சிபுரம் டி.என்."
TNH0446,H_22270,"Sri Ne medical foundation, Kanchipuram TN.",Kancheepuram,PVT HOSPITAL,Pvt,Multi-Speciality,12.8246997,79.7071565,"ஸ்ரீ நே மருத்துவ அறக்கட்டளை, காஞ்சிபுரம் டி.என்."
TNH0447,H_18264,"Sri Ramachandra Medical Center,Kancheepuram TN.",Kancheepuram,PVT HOSPITAL,Pvt,Multi-Speciality,13.0375525,80.1446072,"ஸ்ரீ ராமச்சந்திரா மருத்துவ மையம், காஞ்சிபுரம் TN."
TNH0448,H_26137,"Tambaram Medical Center, Kancheepuram, TN.",Kancheepuram,PVT HOSPITAL,Pvt,Multi-Speciality,12.9249308,80.1000026,"தாம்பரம் மருத்துவ மையம், காஞ்சிபுரம், TN."
TNH0449,H_18319,"Annammal Hospital,Kanyakumari TN.",Kanyakumari,PVT HOSPITAL,Pvt,Multi-Speciality,8.3163438,77.2015527,"அன்னம்மாள் மருத்துவமனை, கன்னியாகுமரி TN."
TNH0450,H_19029,"Bensam Hospital, Kanyakumari TN.",Kanyakumari,PVT HOSPITAL,Pvt,Multi-Speciality,8.1896985,77.4121685,"பென்சம் மருத்துவமனை, கன்னியாகுமரி TN."
TNH0451,H_23415,"Bethesda hospital Nagercoil,Kanyakumari TN",Kanyakumari,PVT HOSPITAL,Pvt,Multi-Speciality,8.18827,77.42716,"பெதஸ்தா மருத்துவமனை நாகர்கோவில், கன்னியாகுமரி TN"
TNH0452,H_18205,"C.S.I Mission Hospital,kanyakumari TN.",Kanyakumari,PVT HOSPITAL,Pvt,Multi-Speciality,8.2112757,77.3030663,"சி.எஸ்.ஐ மிஷன் மருத்துவமனை, கன்னியாகுமரி, தமிழ்நாடு."
TNH0453,H_23854,"Calwin Hospital,Kanyakumari TN.",Kanyakumari,PVT HOSPITAL,Pvt,Multi-Speciality,8.159025,77.4262597,"கால்வின் மருத்துவமனை, கன்னியாகுமரி, தமிழ்நாடு."
TNH0454,H_22852,"Chandriga Hospital, Kanyakumari TN.",Kanyakumari,PVT HOSPITAL,Pvt,Multi-Speciality,8.1815031,77.4264846,"சந்திரிகா மருத்துவமனை, கன்னியாகுமரி டி.என்."
TNH0455,H_18592,"Dr Kumarasamy Health Centre,Kanyakumari TN.",Kanyakumari,PVT HOSPITAL,Pvt,"Nephrology,Multi-Speciality",8.1126807,77.5333326,"டாக்டர் குமாரசாமி சுகாதார மையம், கன்னியாகுமரி, தமிழ்நாடு."
TNH0456,H_19024,"Dr Morris Mathia Hospital, Kanyakumari TN.",Kanyakumari,PVT HOSPITAL,Pvt,Multi-Speciality,8.1803899,77.4191439,"டாக்டர் மோரிஸ் மதியா மருத்துவமனை, கன்னியாகுமரி, தமிழ்நாடு."
TNH0457,H_18398,"Dr.Jeyasekharan Medical Trust,Kanyakumari TN.",Kanyakumari,PVT HOSPITAL,Pvt,Multi-Speciality,8.1849572,77.4098487,"டாக்டர்.ஜெயசேகரன் மருத்துவ அறக்கட்டளை, கன்னியாகுமரி TN."
TNH0458,H_19013,"Gerdi Agasthiyar Muni Care Centre, Kanyakumari TN.",Kanyakumari,PVT HOSPITAL,Pvt,"Pediatrics,Gynecology",8.2169459,77.4663891,"கெர்டி அகஸ்தியர் முனி கேர் சென்டர், கன்னியாகுமரி TN."
TNH0459,H_25829,"Govt Hospital Arumanai ,Kanyakumari TN.",Kanyakumari,Govt-DMS,Govt,"General Medicine,Pediatrics",8.3633606,77.2376006,"அரசு மருத்துவமனை அருமனை, கன்னியாகுமரி TN."
TNH0460,H_19721,"Govt Hospital Bhoothapandi,Kanyakumari TN.",Kanyakumari,Govt-DMS,Govt,"General Medicine,Pediatrics",8.2641398,77.4458151,"அரசு மருத்துவமனை பூதபாண்டி, கன்னியாகுமரி TN."
TNH0461,H_21145,"Govt Hospital Kulasekaram, Kanyakumari TN.",Kanyakumari,Govt-DMS,Govt,"General Medicine,Pediatrics",8.3724072,77.2994453,"அரசு மருத்துவமனை குலசேகரம், கன்னியாகுமரி TN."
TNH0462,H_19085,"Govt hospital,kulithurai,Kanyakumari,TN.",Kanyakumari,Govt-DMS,Govt,"General Medicine,Pediatrics",8.3128807,77.2040677,"அரசு மருத்துவமனை, குளித்துறை, கன்னியாகுமரி, தமிழ்நாடு."
TNH0463,H_24434,"Govt Hospital.Colachal,Kanyakumari TN.",Kanyakumari,Govt-DMS,Govt,"General Medicine,Pediatrics",8.1784418,77.2578694,"அரசு மருத்துவமனை. கோளச்சல், கன்னியாகுமரி TN."
TNH0465,H_25841,"Govt Senamvelai Taluk , Kanyakumari TN.",Kanyakumari,Govt-DMS,Govt,"General Medicine,Pediatrics",8.0843512,77.5495019,"அரசு சேனாம்வேலை தாலுகா, கன்னியாகுமரி, தமிழ்நாடு."
TNH0470,H_25799,"Govt. Hospital Kanyakumari Taluk, Kanyakumari TN.",Kanyakumari,Govt-DMS,Govt,"General Medicine,Pediatrics",8.0834856,77.5467104,"அரசு மருத்துவமனை கன்னியாகுமரி தாலுக்கா, கன்னியாகுமரி TN."
TNH0471,H_25797,"Govt. Hospital karungal, Kanyakumari TN.",Kanyakumari,Govt-DMS,Govt,"General Medicine,Pediatrics",8.2294292,77.2413754,"அரசு மருத்துவமனை கருங்கல், கன்னியாகுமரி TN."
TNH0472,H_18712,"Govt.HQ Hospital,Padmanabhapuram,Kanyakumari TN.",Kanyakumari,Govt-DMS,Govt,"General Medicine,Pediatrics",8.2445969,77.3367498,"அரசு தலைமை மருத்துவமனை, பத்மநாபபுரம், கன்னியாகுமரி TN."
TNH0473,H_19018,"Grace Hospital, Kanyakumari TN.",Kanyakumari,PVT HOSPITAL,Pvt,Multi-Speciality,8.0843512,77.5495019,"கிரேஸ் மருத்துவமனை, கன்னியாகுமரி டி.என்."
TNH0484,H_19014,"Holy Cross Hospital, Kanyakumari TN.",Kanyakumari,PVT HOSPITAL,Pvt,Multi-Speciality,8.1883893,77.4177331,"ஹோலி கிராஸ் மருத்துவமனை, கன்னியாகுமரி, தமிழ்நாடு."
TNH0485,H_24386,"Immanuel Arasar Hospital,Kanyakumari TN.",Kanyakumari,PVT HOSPITAL,Pvt,Multi-Speciality,8.279315,77.2414566,"இம்மானுவேல் அரசர் மருத்துவமனை, கன்னியாகுமரி TN."
TNH0486,H_24367,"Irene Hospital,Nagercoil Kanyakumari TN.",Kanyakumari,PVT HOSPITAL,Pvt,"Cardiology,Pediatrics,Multi-Speciality",8.1795713,77.4200452,"ஐரின் மருத்துவமனை, நாகர்கோவில் கன்னியாகுமரி TN."
TNH0487,H_18219,"Joseph Sahaayam Speciality Hospital,Kanyakumar TN.",Kanyakumari,PVT HOSPITAL,Pvt,Multi-Speciality,8.1792492,77.4332476,"ஜோசப் சகாயம் ஸ்பெஷாலிட்டி மருத்துவமனை, கன்னியாகுமார் டி.என்."
TNH0488,H_26003,"kanyakumari Med Missn Resrch Cent, Kanyakumari TN.",Kanyakumari,PVT HOSPITAL,Pvt,Multi-Speciality,8.1335757,77.3208839,"கன்னியாகுமரி Med Missn Resrch Cent, கன்னியாகுமரி TN."
TNH0489,H_18713,"Kanyakumari Medical College Hosp, Kanyakumari TN.",Kanyakumari,Govt-DME,Govt,"General Medicine,Pediatrics",8.1783418,77.3939916,"கன்னியாகுமரி மருத்துவக் கல்லூரி மருத்துவமனை, கன்னியாகுமரி டி.என்."
TNH0491,H_25942,"Lifecare Hospital, Nagercoil, Kanyakumari TN.",Kanyakumari,PVT HOSPITAL,Pvt,Multi-Speciality,8.1892923,77.4041798,"லைஃப்கேர் மருத்துவமனை, நாகர்கோவில், கன்னியாகுமரி டி.என்."
TNH0492,H_22365,"Lister Hospital Marthandam, Kanyakumari TN.",Kanyakumari,PVT HOSPITAL,Pvt,Multi-Speciality,8.3061489,77.2231026,"லிஸ்டர் மருத்துவமனை மார்த்தாண்டம், கன்னியாகுமரி டி.என்."
TNH0493,H_18584,"M L Hospital,Kanyakumari TN.",Kanyakumari,PVT HOSPITAL,Pvt,Multi-Speciality,8.1673162,77.4200776,"எம் எல் மருத்துவமனை, கன்னியாகுமரி, தமிழ்நாடு."
TNH0496,H_19060,"NIMS, Thiruvananthapuram",Kanyakumari,PVT HOSPITAL,Pvt,Multi-Speciality,8.4122195,77.0659184,"NIMS, திருவனந்தபுரம்"
TNH0498,H_19031,"PPK Hospital, Kanyakumari TN.",Kanyakumari,PVT HOSPITAL,Pvt,Multi-Speciality,8.3057074,77.2225088,"பிபிகே மருத்துவமனை, கன்னியாகுமரி, தமிழ்நாடு."
TNH0499,H_24409,"PRS Hospital Pvt Ltd,Kanyakumari TN.",Kanyakumari,PVT HOSPITAL,Pvt,Multi-Speciality,8.0843512,77.5495019,"பிஆர்எஸ் ஹாஸ்பிடல் பிரைவேட் லிமிடெட், கன்னியாகுமரி, தமிழ்நாடு."
TNH0500,H_18520,"Rathna Memorial Hospital, Kanyakumari TN.",Kanyakumari,PVT HOSPITAL,Pvt,Multi-Speciality,8.2875306,77.2709872,"ரத்னா நினைவு மருத்துவமனை, கன்னியாகுமரி டி.என்."
TNH0501,H_19862,"S A Catherine Booth Hospital, Kanyakumari TN.",Kanyakumari,PVT HOSPITAL,Pvt,Multi-Speciality,8.1999765,77.430557,"எஸ் ஏ கேத்தரின் பூத் மருத்துவமனை, கன்னியாகுமரி, தமிழ்நாடு."
TNH0502,H_22097,"Saraswathi Hospital,Kanyakumari,TN.",Kanyakumari,PVT HOSPITAL,Pvt,Multi-Speciality,8.348764,77.148677,"சரஸ்வதி மருத்துவமனை, கன்னியாகுமரி, தமிழ்நாடு."
TNH0503,H_23655,"Sathyam hospital, Kanyakumari TN.",Kanyakumari,PVT HOSPITAL,Pvt,Multi-Speciality,8.1898696,77.4154669,"சத்யம் மருத்துவமனை, கன்னியாகுமரி டி.என்."
TNH0505,H_18216,"Siva Hospital, Kanyakumari TN.",Kanyakumari,PVT HOSPITAL,Pvt,Multi-Speciality,8.2036798,77.3079348,"சிவா மருத்துவமனை, கன்னியாகுமரி டி.என்."
TNH0506,H_23412,"Sivanthi hospital,Kanyakumari TN.",Kanyakumari,PVT HOSPITAL,Pvt,Multi-Speciality,8.0908664,77.5493583,"சிவந்தி மருத்துவமனை, கன்னியாகுமரி TN."
TNH0507,H_18246,"Sri Mookambika Inst of Med Scs Hosp,Kanykumari TN.",Kanyakumari,PVT HOSPITAL,Pvt,Multi-Speciality,8.3605661,77.2922623,"ஸ்ரீ மூகாம்பிகா இன்ஸ்ட் ஆஃப் மெட் Scs ஹாஸ்ப், கன்னிக்குமரி TN."
TNH0508,H_22758,"Srinivasa hospital,Kanyakumari TN.",Kanyakumari,PVT HOSPITAL,Pvt,Multi-Speciality,8.2012421,77.4551104,"ஸ்ரீனிவாசா மருத்துவமனை, கன்னியாகுமரி டி.என்."
TNH0509,H_19016,"Subam Hospital, Kanyakumari TN",Kanyakumari,PVT HOSPITAL,Pvt,Multi-Speciality,8.2696939,77.439874,"சுபம் மருத்துவமனை, கன்னியாகுமரி டி.என்"
TNH0510,H_23593,"Thilagaram Nursing home, Nagercoil TN.",Kanyakumari,PVT HOSPITAL,Pvt,Multi-Speciality,8.1820989,77.4153892,"திலகரம் முதியோர் இல்லம், நாகர்கோவில் TN."
TNH0512,H_19023,"Vasantham Health Centre, Kanyakumari TN.",Kanyakumari,PVT HOSPITAL,Pvt,Multi-Speciality,8.1865684,77.4292199,"வசந்தம் சுகாதார நிலையம், கன்னியாகுமரி டி.என்."
TNH0513,H_23719,"William hospital,kanyakumari TN.",Kanyakumari,PVT HOSPITAL,Pvt,Multi-Speciality,8.2743991,77.2800477,"வில்லியம் மருத்துவமனை, கன்னியாகுமரி, தமிழ்நாடு."
TNH0514,H_18513,"Abirami Hospital,Karur TN.",Karur,PVT HOSPITAL,Pvt,Multi-Speciality,10.9560425,78.0808932,"அபிராமி மருத்துவமனை, கரூர், தமிழ்நாடு."
TNH0515,H_23466,"ABS Hospital, Karur TN.",Karur,PVT HOSPITAL,Pvt,"Cardiology,Nephrology,Multi-Speciality",10.9431458,78.0891654,"ஏபிஎஸ் மருத்துவமனை, கரூர், தமிழ்நாடு."
TNH0516,H_26071,"Akshaya Hospital, Karur, TN.",Karur,PVT HOSPITAL,Pvt,Multi-Speciality,10.9658592,78.0534821,"அக்ஷயா மருத்துவமனை, கரூர், தமிழ்நாடு."
TNH0517,H_18275,"Amaravathi Hospital,Karur TN.",Karur,PVT HOSPITAL,Pvt,Multi-Speciality,10.960235,78.0684862,"அமராவதி மருத்துவமனை, கரூர், தமிழ்நாடு."
TNH0518,H_24116,"APJ Hospital, Thogaimalai, Karur TN.",Karur,PVT HOSPITAL,Pvt,Multi-Speciality,10.7263564,78.4102855,"ஏபிஜே மருத்துவமனை, தோகைமலை, கரூர் டிஎன்."
TNH0519,H_18415,"Apollo Logo Hospital,Karur TN.",Karur,PVT HOSPITAL,Pvt,Multi-Speciality,10.9604389,78.2442738,"அப்பல்லோ லோகோ மருத்துவமனை, கரூர் டி.என்."
TNH0520,H_18588,"G.C.Hospital,Karur TN.",Karur,PVT HOSPITAL,Pvt,Multi-Speciality,10.9629253,78.0769037,"ஜி.சி. மருத்துவமனை, கரூர், தமிழ்நாடு."
TNH0521,H_22299,"Govt Hospital Manmangalam,Karur TN.",Karur,Govt-DMS,Govt,"General Medicine,Pediatrics",11.0276275,78.0645481,"அரசு மருத்துவமனை மண்மங்கலம், கரூர் டி.என்."
TNH0522,H_23010,"Govt Hospital Pallapatti,Karur TN.",Karur,Govt-DMS,Govt,"General Medicine,Pediatrics",10.7061189,77.8906186,"அரசு மருத்துவமனை பள்ளபட்டி, கரூர் டி.என்."
TNH0523,H_22300,"Govt Hospital Velayuthampalayam,Karur TN.",Karur,Govt-DMS,Govt,"General Medicine,Pediatrics",10.9567487,78.0801692,"அரசு மருத்துவமனை வேலாயுதம்பாளையம், கரூர் டி.என்."
TNH0524,H_24394,"Govt Hospital, Aravankurichi, Karur TN.",Karur,Govt-DMS,Govt,"General Medicine,Pediatrics",10.7720813,77.9096963,"அரசு மருத்துவமனை, அரவங்குறிச்சி, கரூர் டி.என்."
TNH0525,H_24395,"Govt Hospital, Kadavur, Karur TN.",Karur,Govt-DMS,Govt,"General Medicine,Pediatrics",10.5946459,78.1758853,"அரசு மருத்துவமனை, கடவூர், கரூர் டி.என்."
TNH0526,H_24396,"Govt Hospital, Krishnarayapuram, Karur TN.",Karur,Govt-DMS,Govt,"General Medicine,Pediatrics",10.9600778,78.0766036,"அரசு மருத்துவமனை, கிருஷ்ணராயபுரம், கரூர் டி.என்."
TNH0527,H_23578,"Govt Hospital,Mylampatty,Karur TN.",Karur,Govt-DMS,Govt,"General Medicine,Pediatrics",10.9567487,78.0801692,"அரசு மருத்துவமனை, மைலம்பட்டி, கரூர் டி.என்."
TNH0528,H_22313,"Govt Medical College and Hospital, Karur TN.",Karur,Govt-DME,Govt,"General Medicine,Pediatrics",10.9567487,78.0801692,"அரசு மருத்துவக் கல்லூரி மற்றும் மருத்துவமனை, கரூர், தமிழ்நாடு."
TNH0529,H_24722,"Govt.CHC Panjapatty,Krishnarayapuram ,Karur TN.",Karur,Govt-MTM,Govt,General Medicine,10.8306905,78.3109923,"அரசு சிஎச்சி பஞ்சப்பட்டி, கிருஷ்ணராயபுரம், கரூர் டிஎன்."
TNH0530,H_20067,"Govt.Head Qrtrs Hosp Kulithalai,Karur TN.",Karur,Govt-DMS,Govt,"General Medicine,Pediatrics",10.9567487,78.0801692,"அரசு தலைமை க்யூஆர்டிஎஸ் மருத்துவமனை குளித்தலை, கரூர் டிஎன்."
TNH0540,H_19630,"Nirmala Nursing Home, Karur TN.",Karur,PVT HOSPITAL,Pvt,Multi-Speciality,10.9398201,78.1454101,"நிர்மலா முதியோர் இல்லம், கரூர் டி.என்."
TNH0541,H_18542,"Sri Rathina Hospital,Karur TN.",Karur,PVT HOSPITAL,Pvt,Multi-Speciality,10.9632539,78.0755951,"ஸ்ரீ ரத்தின மருத்துவமனை, கரூர் டி.என்."
TNH0542,H_24154,"Sunetra Best Care Hospital, Karur TN.",Karur,PVT HOSPITAL,PVT,Multi-Speciality,10.961951,78.0739601,"சுனேத்ரா பெஸ்ட் கேர் மருத்துவமனை, கரூர் டி.என்."
TNH0543,H_19631,"ARK Nursing Home, Krishnagiri TN.",Krishnagiri,PVT HOSPITAL,Pvt,Multi-Speciality,12.5229496,78.2139789,"ஏ.ஆர்.கே நர்சிங் ஹோம், கிருஷ்ணகிரி, தமிழ்நாடு."
TNH0546,H_21131,"Chandrasekara Hospital, Hosur, Krishnagiri TN.",Krishnagiri,PVT HOSPITAL,Pvt,Multi-Speciality,12.7464293,77.8332682,"சந்திரசேகர மருத்துவமனை, ஓசூர், கிருஷ்ணகிரி டி.என்."
TNH0551,H_19713,"Govt Hospital Denkani Kottai, Krishnagiri TN.",Krishnagiri,Govt-DMS,Govt,"General Medicine,Pediatrics",12.5269836,77.7898513,"அரசு மருத்துவமனை தேன்கனி கோட்டை, கிருஷ்ணகிரி TN."
TNH0552,H_24656,"Govt Hospital Pochampalli, Krishnagiri TN.",Krishnagiri,Govt-DMS,Govt,"General Medicine,Pediatrics",12.3262452,78.3623569,"அரசு மருத்துவமனை போச்சம்பள்ளி, கிருஷ்ணகிரி TN."
TNH0553,H_24452,"Govt Hospital, Barugur, Kirishnagiri TN.",Krishnagiri,Govt-DMS,Govt,"General Medicine,Pediatrics",12.5443691,78.357241,"அரசு மருத்துவமனை, பருகூர், கிரிஷ்ணகிரி டி.என்."
TNH0554,H_24451,"Govt Hospital, Mathur, Kirishnagiri TN.",Krishnagiri,Govt-DMS,Govt,"General Medicine,Pediatrics",12.3829006,78.4134597,"அரசு மருத்துவமனை, மாத்தூர், கிரிஷ்ணகிரி டி.என்."
TNH0557,H_18482,"Govt Krishnagiri Med Coll and Hosp,Krishnagiri TN",Krishnagiri,Govt-DME,Govt,"General Medicine,Pediatrics",12.5208426,78.2221468,"கிருஷ்ணகிரி அரசு மருத்துவக் கல்லூரி மற்றும் மருத்துவமனை, கிருஷ்ணகிரி TN"
TNH0563,H_22346,"Govt. Hospital, Uthangarai, Krishnagiri TN.",Krishnagiri,Govt-DMS,Govt,"General Medicine,Pediatrics",12.2660941,78.5359074,"அரசு மருத்துவமனை, ஊத்தங்கரை, கிருஷ்ணகிரி டி.என்."
TNH0564,H_18526,"Govt.Head Qrtrs Hosp Hosur, Krishnagiri TN.",Krishnagiri,Govt-DMS,Govt,"General Medicine,Pediatrics",12.7151269,77.820915,"அரசு தலைமை மருத்துவமனை, ஓசூர், கிருஷ்ணகிரி, தமிழ்நாடு."
TNH0566,H_18880,"Jeeva Hospital, Krishnakari TN.",Krishnagiri,PVT HOSPITAL,Pvt,Multi-Speciality,12.5236684,78.2174581,"ஜீவா மருத்துவமனை, கிருஷ்ணகாரி TN."
TNH0567,H_23862,"Jeevan Hospital,Denkanikottai Krishnagiri TN.",Krishnagiri,PVT HOSPITAL,Pvt,Multi-Speciality,12.5266125,77.7888906,"ஜீவன் மருத்துவமனை, தேன்கனிக்கோட்டை கிருஷ்ணகிரி TN."
TNH0568,H_21130,"Kauvery Hospital, Hosur,Krishnagiri TN.",Krishnagiri,PVT HOSPITAL,Pvt,Multi-Speciality,12.7284909,77.8244931,"காவேரி மருத்துவமனை, ஓசூர், கிருஷ்ணகிரி டி.என்."
TNH0569,H_22764,"Lakshmi Hospital, Krishnagiri TN.",Krishnagiri,PVT HOSPITAL,Pvt,Multi-Speciality,12.7327374,77.8255561,"லட்சுமி மருத்துவமனை, கிருஷ்ணகிரி டி.என்."
TNH0570,H_25595,"Medgenome Labs Ltd, Bangalore DC.",Krishnagiri,DC PVT-STANDALONE,Pvt,Multi-Speciality,12.8410832,77.6658428,"மெட்ஜெனோம் லேப்ஸ் லிமிடெட், பெங்களூர் DC."
TNH0571,H_18573,"Narayana Hrudayalaya,Bangalore,Karnataka TN.",Krishnagiri,PVT HOSPITAL,Pvt,Multi-Speciality,12.9628957,77.57754,"நாராயண ஹ்ருதயாலயா, பெங்களூர், கர்நாடகா TN."
TNH0572,H_25832,"Om Sakthi Hospital Pvt Ltd, Krishnagiri, TN.",Krishnagiri,PVT HOSPITAL,Pvt,"Gynecology,Multi-Speciality",12.5188927,78.2181083,"ஓம் சக்தி மருத்துவமனை பிரைவேட் லிமிடெட், கிருஷ்ணகிரி, TN."
TNH0573,H_23173,"Oxford Med Col and Research ctr, Bangalore TN.",Krishnagiri,PVT HOSPITAL,Pvt,Multi-Speciality,12.9169151,77.6013591,"ஆக்ஸ்போர்டு மருத்துவக் கல்லூரி மற்றும் ஆராய்ச்சி மையம், பெங்களூரு, தமிழ்நாடு."
TNH0574,H_20515,"P.E.S.I.M.S.R Hospital, Chittoor, Krishnagiri TN.",Krishnagiri,PVT HOSPITAL,Pvt,Multi-Speciality,12.7907129,78.3657609,"பி.இ.எஸ்.ஐ.எம்.எஸ்.ஆர் மருத்துவமனை, சித்தூர், கிருஷ்ணகிரி, தமிழ்நாடு."
TNH0576,H_25519,"People Tree Hospitals, Krishnagiri TN.",Krishnagiri,PVT HOSPITAL,Pvt,Multi-Speciality,12.5247853,78.216004,"பீப்பிள் ட்ரீ மருத்துவமனைகள், கிருஷ்ணகிரி, தமிழ்நாடு."
TNH0577,H_25658,"PSV Hospital, Krishnagiri TN.",Krishnagiri,PVT HOSPITAL,Pvt,Multi-Speciality,12.5347863,78.2941702,"பி.எஸ்.வி மருத்துவமனை, கிருஷ்ணகிரி, தமிழ்நாடு."
TNH0579,H_23174,"Raja Rajeshwari Med Col, Bangalore TN.",Krishnagiri,PVT HOSPITAL,Pvt,Multi-Speciality,12.5247853,78.216004,"ராஜ ராஜேஸ்வரி மெட் கர்னல், பெங்களூர் TN."
TNH0580,H_18547,"Sagar Hospitals,Bangalore TN.",Krishnagiri,PVT HOSPITAL,Pvt,Multi-Speciality,12.9280141,77.5994766,"சாகர் மருத்துவமனைகள், பெங்களூரு, தமிழ்நாடு."
TNH0581,H_23905,"Santhi Hospital, Hosur, Krishnagiri TN.",Krishnagiri,PVT HOSPITAL,Pvt,Multi-Speciality,12.748981,77.8057243,"சாந்தி மருத்துவமனை, ஓசூர், கிருஷ்ணகிரி டி.என்."
TNH0582,H_23757,"Shree Arunachala Hospital, Krishnagiri TN.",Krishnagiri,PVT HOSPITAL,Pvt,"Orthopedics,Multi-Speciality",12.5220228,78.2179289,"ஸ்ரீ அருணாச்சலா மருத்துவமனை, கிருஷ்ணகிரி TN."
TNH0583,H_22700,"Sri Saraswathi Hospital, Krishnagiri TN.",Krishnagiri,PVT HOSPITAL,Pvt,Multi-Speciality,12.5133957,78.2217154,"ஸ்ரீ சரஸ்வதி மருத்துவமனை, கிருஷ்ணகிரி TN."
TNH0584,H_23588,"St.Peters MedCol Hosp and ResInst, Krishnagiri TN.",Krishnagiri,PVT HOSPITAL,Pvt,Multi-Speciality,12.5208426,78.2221468,"செயின்ட் பீட்டர்ஸ் மருத்துவக் கல்லூரி மருத்துவமனை மற்றும் ஆராய்ச்சி நிறுவனம், கிருஷ்ணகிரி, தமிழ்நாடு."
TNH0585,H_22446,"TAK Hospital,Salem Main Road, Krishnagiri TN.",Krishnagiri,PVT HOSPITAL,Pvt,"Gastrology,Multi-Speciality",12.5091958,78.2219274,"TAK மருத்துவமனை, சேலம் மெயின் ரோடு, கிருஷ்ணகிரி TN."
TNH0586,H_22387,"Umarani Hospital,Krishnagiri TN.",Krishnagiri,PVT HOSPITAL,Pvt,Multi-Speciality,12.50926,78.2215741,"உமாராணி மருத்துவமனை, கிருஷ்ணகிரி டி.என்."
TNH0587,H_25718,"Varam Spr Splty Hosp Fertility Cent,Krishagiri TN.",Krishnagiri,PVT HOSPITAL,PVT,"Fertility,Gynecology",12.5208426,78.2221468,"வரம் ஸ்ப்ர் ஸ்பெல்டி ஹாஸ்பிடல் ஃபெர்டிலிட்டி சென்டர், கிருஷகிரி, தமிழ்நாடு."
TNH0588,H_18421,"Apollo Speciality Hospital,Madurai TN.",Madurai,PVT HOSPITAL,Pvt,Multi-Speciality,9.9283264,78.1490759,"அப்போலோ சிறப்பு மருத்துவமனை, மதுரை, தமிழ்நாடு."
TNH0589,H_22011,"Aristo speciality Hospital,Madurai,TN.",Madurai,PVT HOSPITAL,Pvt,Multi-Speciality,9.9195838,78.0933455,"அரிஸ்டோ சிறப்பு மருத்துவமனை, மதுரை, தமிழ்நாடு."
TNH0590,H_22118,"Aroma Hospital,Madurai TN.",Madurai,PVT HOSPITAL,Pvt,Multi-Speciality,9.9441757,78.1425755,"அரோமா மருத்துவமனை, மதுரை, தமிழ்நாடு."
TNH0591,H_19036,"Ashirvatha Speciality Hospital, Madurai TN.",Madurai,PVT HOSPITAL,Pvt,Multi-Speciality,9.9256958,78.0939751,"ஆசிர்வத சிறப்பு மருத்துவமனை, மதுரை டி.என்."
TNH0592,H_21143,"Bala Hospitals, Usilampatti, Madurai TN.",Madurai,PVT HOSPITAL,Pvt,Multi-Speciality,9.9648018,77.7955151,"பாலா மருத்துவமனைகள், உசிலம்பட்டி, மதுரை, தமிழ்நாடு."
TNH0593,H_18470,"BGM Hospital,Madurai TN.",Madurai,PVT HOSPITAL,Pvt,Multi-Speciality,9.9662255,78.1359179,"பிஜிஎம் மருத்துவமனை, மதுரை, தமிழ்நாடு."
TNH0594,H_22057,"Bharathi Hospital,Madurai,TN.",Madurai,PVT HOSPITAL,Pvt,Multi-Speciality,9.9463543,78.1441206,"பாரதி மருத்துவமனை, மதுரை, தமிழ்நாடு."
TNH0596,H_18379,"Devaki Speciality Hospital, Madurai TN.",Madurai,PVT HOSPITAL,Pvt,Multi-Speciality,9.9282505,78.09853,"தேவகி சிறப்பு மருத்துவமனை, மதுரை டி.என்."
TNH0598,H_22023,"Easvara Hospital,Madurai,TN.",Madurai,PVT HOSPITAL,Pvt,Multi-Speciality,9.9328697,78.1352594,"ஈஸ்வரா மருத்துவமனை, மதுரை, தமிழ்நாடு."
TNH0599,H_23727,"Genezen Indus Hospital, Madurai TN.",Madurai,PVT HOSPITAL,Pvt,"Pediatrics,Dermatology,Multi-Speciality",9.955694,78.1293103,"ஜெனிசன் இண்டஸ் மருத்துவமனை, மதுரை டி.என்."
TNH0601,H_21385,"GOVT HOSPITAL PERAIYUR, Madurai TN.",Madurai,Govt-DMS,Govt,"General Medicine,Pediatrics",9.7353861,77.7896347,"அரசு மருத்துவமனை பேரையூர், மதுரை டி.என்."
TNH0602,H_19474,"Govt Hospital Thirumangalam, Madurai TN.",Madurai,Govt-DMS,Govt,"General Medicine,Pediatrics",9.8276403,77.989192,"அரசு மருத்துவமனை திருமங்கலம், மதுரை டி.என்."
TNH0603,H_22298,"Govt Hospital Tiruparankundram,Madurai TN.",Madurai,Govt-DMS,Govt,"General Medicine,Pediatrics",9.8994557,78.0878924,"அரசு மருத்துவமனை திருப்பரங்குன்றம், மதுரை டி.என்."
TNH0604,H_22147,"Govt Hospital Vadipatti,Madurai TN.",Madurai,Govt-DMS,Govt,"General Medicine,Pediatrics",10.0708575,78.0825175,"அரசு மருத்துவமனை வாடிப்பட்டி, மதுரை TN."
TNH0605,H_19086,"Govt hospital,Melur,Madurai,TN",Madurai,Govt-DMS,Govt,"General Medicine,Pediatrics",10.0337352,78.3360078,"அரசு மருத்துவமனை, மேலூர், மதுரை, தமிழ்நாடு"
TNH0606,H_24942,"Govt Hospital,Shozhavandan,Madurai TN.",Madurai,Govt-DMS,Govt,"General Medicine,Pediatrics",9.9251315,78.1382977,"அரசு மருத்துவமனை, சோழவந்தான், மதுரை, தமிழ்நாடு."
TNH0607,H_18714,"Govt. Rajaji Hospital,Madurai TN.",Madurai,Govt-DME,Govt,"General Medicine,Pediatrics",9.928265,78.1301814,"அரசு ராஜாஜி மருத்துவமனை, மதுரை டி.என்."
TNH0608,H_18484,"Govt.HQ Hospital,Usilampatti,Madurai TN.",Madurai,Govt-DMS,Govt,"General Medicine,Pediatrics",9.9623662,77.7886445,"அரசு தலைமை மருத்துவமனை, உசிலம்பட்டி, மதுரை, தமிழ்நாடு."
TNH0627,H_25746,"GV Hospitals, Madurai TN.",Madurai,PVT HOSPITAL,PVT,Multi-Speciality,9.9271327,78.1553516,"ஜிவி மருத்துவமனைகள், மதுரை, தமிழ்நாடு."
TNH0628,H_23720,"Hannah Joseph Hospital Pvt Ltd, Madurai TN.",Madurai,PVT HOSPITAL,PVT,Multi-Speciality,9.9216935,78.1489066,"ஹன்னா ஜோசப் மருத்துவமனை பிரைவேட் லிமிடெட், மதுரை, தமிழ்நாடு."
TNH0629,H_18200,"Harley RRam Nursing Home,Madurai TN.",Madurai,PVT HOSPITAL,Pvt,Multi-Speciality,9.9255615,78.1146342,"ஹார்லி ஆர்ராம் முதியோர் இல்லம், மதுரை, தமிழ்நாடு."
TNH0630,H_23453,"Harshini Hospital Sathamangalam, Madurai TN.",Madurai,PVT HOSPITAL,Pvt,"ENT,Multi-Speciality",9.9259474,78.1404347,"ஹர்ஷினி மருத்துவமனை சாத்தமங்கலம், மதுரை டி.என்."
TNH0631,H_22335,"Harshitha Hospitals PVT LTD, Madurai TN.",Madurai,PVT HOSPITAL,Pvt,Multi-Speciality,9.8723821,78.1085862,"ஹர்ஷிதா ஹாஸ்பிடல்ஸ் பிரைவேட் லிமிடெட், மதுரை டிஎன்."
TNH0632,H_22022,"Jayam Hospital,Madurai,TN.",Madurai,PVT HOSPITAL,Pvt,Orthopedics,9.9361198,78.1357617,"ஜெயம் மருத்துவமனை, மதுரை, தமிழ்நாடு."
TNH0636,H_23892,"Lifecare Hospital,Madurai TN.",Madurai,PVT HOSPITAL,Pvt,Multi-Speciality,9.9162154,78.0970498,"லைஃப்கேர் மருத்துவமனை, மதுரை, தமிழ்நாடு."
TNH0637,H_18431,"Meenakshi Mission Hosp and Rsrch Centr,Madurai TN.",Madurai,PVT HOSPITAL,Pvt,Multi-Speciality,9.9479215,78.1625445,"மீனாட்சி மிஷன் ஹோஸ்ப் மற்றும் ஆர்எஸ்ஆர்ச் சென்டர், மதுரை டிஎன்."
TNH0638,H_18413,"Mohans Medicity Hospital,Madurai TN.",Madurai,PVT HOSPITAL,Pvt,Multi-Speciality,9.935481,78.1423378,"மோகன்ஸ் மெடிசிட்டி மருத்துவமனை, மதுரை, தமிழ்நாடு."
TNH0639,H_22024,"NTC Hospitals and Inst of Medi Science,Madurai,TN.",Madurai,PVT HOSPITAL,Pvt,Multi-Speciality,9.94118,78.101961,"என்டிசி மருத்துவமனைகள் மற்றும் மருத்துவ அறிவியல் நிறுவனம், மதுரை, தமிழ்நாடு."
TNH0642,H_22853,"Ponni Hospital, Madurai,TN.",Madurai,PVT HOSPITAL,Pvt,Multi-Speciality,9.959834,78.1334614,"பொன்னி மருத்துவமனை, மதுரை, தமிழ்நாடு."
TNH0643,H_18589,"Poobathiammal Hospital,Madurai TN.",Madurai,PVT HOSPITAL,Pvt,Multi-Speciality,9.9252007,78.1197754,"பூபதியம்மாள் மருத்துவமனை, மதுரை TN."
TNH0644,H_22759,"Preethi Hospital PVT Ltd, Madurai TN.",Madurai,PVT HOSPITAL,Pvt,Multi-Speciality,9.9216935,78.1489066,"ப்ரீத்தி ஹாஸ்பிடல் பிரைவேட் லிமிடெட், மதுரை டி.என்."
TNH0645,H_18289,"R R Hospital,Madurai TN.",Madurai,PVT HOSPITAL,Pvt,Multi-Speciality,9.9209517,78.1489217,"ஆர் ஆர் மருத்துவமனை, மதுரை, தமிழ்நாடு."
TNH0646,H_18312,"Rahavendhar Hospital,Madurai TN.",Madurai,PVT HOSPITAL,Pvt,Multi-Speciality,9.9161149,78.1396489,"ராஹவேந்தர் மருத்துவமனை, மதுரை TN."
TNH0647,H_22422,"Raks Hospital Pvt Ltd,Madurai TN.",Madurai,PVT HOSPITAL,Pvt,Multi-Speciality,9.9236763,78.1404796,"ராக்ஸ் ஹாஸ்பிடல் பிரைவேட் லிமிடெட், மதுரை, தமிழ்நாடு."
TNH0648,H_25753,"Sahaya Annai Hospital, Madurai TN.",Madurai,PVT HOSPITAL,Pvt,Multi-Speciality,9.9629219,78.0983009,"சகாயா அன்னை மருத்துவமனை, மதுரை டி.என்."
TNH0649,H_19043,"Santhya Hospital, Madurai TN.",Madurai,PVT HOSPITAL,Pvt,Multi-Speciality,9.93274,78.1092863,"சந்தியா மருத்துவமனை, மதுரை, தமிழ்நாடு."
TNH0650,H_18414,"Saravana Hospital,Madurai TN.",Madurai,PVT HOSPITAL,Pvt,Multi-Speciality,9.9414987,78.1251605,"சரவண மருத்துவமனை, மதுரை, தமிழ்நாடு."
TNH0651,H_25794,"SCP Medical Foundation Glanis Hospital,Madurai TN.",Madurai,PVT HOSPITAL,Pvt,Multi-Speciality,9.7738819,77.909203,"எஸ்சிபி மருத்துவ அறக்கட்டளை, கிளானிஸ் மருத்துவமனை, மதுரை, தமிழ்நாடு."
TNH0652,H_24264,"Shameem hospital, Madurai TN.",Madurai,PVT HOSPITAL,Pvt,"Gastrology,Gynecology,Multi-Speciality",9.9199832,78.1506239,"ஷமீம் மருத்துவமனை, மதுரை, தமிழ்நாடு."
TNH0654,H_18594,"Shenbagam Hospitals Pvt Ltd,Madurai TN.",Madurai,PVT HOSPITAL,Pvt,Multi-Speciality,9.9216935,78.1489066,"ஷென்பகம் ஹாஸ்பிடல்ஸ் பிரைவேட் லிமிடெட், மதுரை, தமிழ்நாடு."
TNH0655,H_18218,"SKG Hospital, Madurai TN.",Madurai,PVT HOSPITAL,Pvt,Multi-Speciality,9.8275226,77.9897855,"எஸ்.கே.ஜி மருத்துவமனை, மதுரை, தமிழ்நாடு."
TNH0656,H_22272,"St.Antonys Hospital, Madurai TN.",Madurai,PVT HOSPITAL,Pvt,Multi-Speciality,9.9187739,78.103894,"புனித அந்தோணி மருத்துவமனை, மதுரை, தமிழ்நாடு."
TNH0657,H_22817,"Taj Hospital, Madurai TN.",Madurai,PVT HOSPITAL,Pvt,"Psychology,Gynecology,Orthopedics",9.9350943,78.1425057,"தாஜ் மருத்துவமனை, மதுரை, தமிழ்நாடு."
TNH0658,H_23721,"Thavam Hospital, Madurai TN.",Madurai,PVT HOSPITAL,Pvt,Multi-Speciality,9.9103712,78.1512248,"தவம் மருத்துவமனை, மதுரை, தமிழ்நாடு."
TNH0659,H_18332,"The Christian Mission Hospital, Madurai TN.",Madurai,PVT HOSPITAL,Pvt,Multi-Speciality,9.9159084,78.1256169,"கிறிஸ்தவ மிஷன் மருத்துவமனை, மதுரை, தமிழ்நாடு."
TNH0660,H_22423,"Thiru Senthil Andavar Speciality Hosp, Madurai TN.",Madurai,PVT HOSPITAL,Pvt,Multi-Speciality,9.901441,78.1212164,"திரு செந்தில் ஆண்டவர் சிறப்பு மருத்துவமனை, மதுரை டி.என்."
TNH0661,H_18417,"Vadamalayan Hospital, Madurai TN.",Madurai,PVT HOSPITAL,Pvt,Multi-Speciality,9.9428015,78.1307202,"வடமலையான் மருத்துவமனை, மதுரை டி.என்."
TNH0662,H_20932,"Velammal MC Hosp and Research Institute,Madurai TN",Madurai,PVT HOSPITAL,Pvt,Multi-Speciality,9.9238278,78.113298,"வேலம்மாள் எம்.சி. மருத்துவமனை மற்றும் ஆராய்ச்சி நிறுவனம், மதுரை, தமிழ்நாடு"
TNH0663,H_24012,"Victory Hospital, Madurai TN.",Madurai,PVT HOSPITAL,Pvt,Multi-Speciality,9.9334747,78.1078836,"விக்டரி மருத்துவமனை, மதுரை, தமிழ்நாடு."
TNH0664,H_23724,"Vijaya Hospital, Madurai TN.",Madurai,PVT HOSPITAL,Pvt,Multi-Speciality,9.933754,78.091655,"விஜயா மருத்துவமனை, மதுரை, தமிழ்நாடு."
TNH0665,H_23899,"Vijayaraj Speciality Hospital,Madurai TN",Madurai,PVT HOSPITAL,Pvt,Multi-Speciality,9.9331079,78.0925122,"விஜயராஜ் சிறப்பு மருத்துவமனை, மதுரை TN"
TNH0667,H_21495,"VMC Speciality Hospital, Madurai TN.",Madurai,PVT HOSPITAL,Pvt,Multi-Speciality,9.8871904,78.1501141,"விஎம்சி சிறப்பு மருத்துவமனை, மதுரை, தமிழ்நாடு."
TNH0668,H_22384,"Arumai Special School, Autism, Mayiladuthurai TN.",Mayiladuthurai,PVT AUTISM,Pvt,Psychology,11.088804,79.6552331,"அருமை சிறப்பு பள்ளி, ஆட்டிசம், மயிலாடுதுறை டி.என்."
TNH0669,H_25593,"Avini Labs, Mayiladuthurai DC.",Mayiladuthurai,DC PVT-STANDALONE,Pvt,Multi-Speciality,11.1027076,79.6536475,"அவினி லேப்ஸ், மயிலாடுதுறை DC."
TNH0670,H_24667,"Govt Akkur CHC, Sembanarkoil, Mayiladuthurai TN.",Mayiladuthurai,Govt-MTM,Govt,General Medicine,11.1051035,79.7420523,"அரசு ஆக்கூர் CHC, செம்பனார்கோயில், மயிலாடுதுறை TN."
TNH0671,H_22655,"Govt Hospital Kuthalam, Mayiladuthurai TN.",Mayiladuthurai,GOVT-DMS,Govt,"General Medicine,Pediatrics",11.0723366,79.5593379,"அரசு மருத்துவமனை குத்தாலம், மயிலாடுதுறை TN."
TNH0672,H_22654,"Govt Hospital Poraiyar, Mayiladuthurai TN.",Mayiladuthurai,GOVT-DMS,Govt,"General Medicine,Pediatrics",11.0235758,79.8368633,"அரசு மருத்துவமனை பொறையார், மயிலாடுதுறை TN."
TNH0673,H_22653,"Govt Hospital Tharangambadi, Mayiladuthurai TN.",Mayiladuthurai,GOVT-DMS,Govt,"General Medicine,Pediatrics",11.0311162,79.8518307,"அரசு மருத்துவமனை தரங்கம்பாடி, மயிலாடுதுறை டி.என்."
TNH0674,H_22652,"Govt Hospital Vaitheeswarankovil,Mayiladuthurai TN",Mayiladuthurai,GOVT-DMS,Govt,"General Medicine,Pediatrics",11.1016781,79.6473705,"அரசு மருத்துவமனை வைத்தீஸ்வரன்கோவில், மயிலாடுதுறை TN"
TNH0678,H_24668,"Govt Thiruvengadu CHC, Sirkali, Mayiladuthurai TN.",Mayiladuthurai,Govt-MTM,Govt,General Medicine,11.235378,79.7353441,"அரசு திருவெங்காடு சிஎச்சி, சீர்காளி, மயிலாடுதுறை டிஎன்."
TNH0679,H_18868,"Govt. Srikazhi Hospital, Mayiladuthurai TN.",Mayiladuthurai,GOVT-DMS,Govt,"General Medicine,Pediatrics",11.1016781,79.6473705,"அரசு ஸ்ரீகாழி மருத்துவமனை, மயிலாடுதுறை டி.என்."
TNH0680,H_18867,"Govt.Head Qrtrs Hospital,Mayiladuthurai,TN.",Mayiladuthurai,GOVT-DMS,Govt,"General Medicine,Pediatrics",11.1016781,79.6473705,"அரசு தலைமை Qrtrs மருத்துவமனை, மயிலாடுதுறை, TN."
TNH0681,H_22611,"Mahaishwar, Autism, Mayiladuthurai TN.",Mayiladuthurai,PVT AUTISM,Pvt,Psychology,10.9961007,79.5122496,"மகாஈஸ்வர், ஆட்டிசம், மயிலாடுதுறை டி.என்."
TNH0684,H_18643,"Shanthi Nursing Home, Mayiladuthurai TN.",Mayiladuthurai,PVT HOSPITAL,PVT,Multi-Speciality,11.1015461,79.6526093,"சாந்தி முதியோர் இல்லம், மயிலாடுதுறை TN."
TNH0685,H_18795,"VISHNU HOSPITAL , Mayiladuthurai TN.",Mayiladuthurai,PVT HOSPITAL,PVT,"Multi-Speciality,Gynecology,Orthopedics",11.3270426,79.7146592,"விஷ்ணு மருத்துவமனை, மயிலாடுதுறை TN."
TNH0686,H_22715,"COHAJ HOSPITAL - SAT UNIT, Nagapattinam TN.",Nagapattinam,PVT HOSPITAL,PVT,Multi-Speciality,10.6231269,79.8435216,"கோஹாஜ் மருத்துவமனை - SAT யூனிட், நாகப்பட்டினம் TN."
TNH0687,H_25521,"Government Hopital Kilvelur, Nagapattinam TN.",Nagapattinam,GOVT-DMS,Govt,"General Medicine,Pediatrics",10.7652413,79.7433373,"அரசு மருத்துவமனை கீழ்வேளூர், நாகப்பட்டினம் TN."
TNH0688,H_24670,"Govt Kariyapattinam CHC,Nagapattinam TN.",Nagapattinam,Govt-MTM,Govt,General Medicine,10.7601193,79.8417881,"அரசு கரியாபட்டினம் சிஎச்சி, நாகப்பட்டினம் டிஎன்."
TNH0689,H_24669,"Govt Thalainayar CHC, Thalainayar,Nagapattinam TN.",Nagapattinam,Govt-MTM,Govt,General Medicine,10.7601193,79.8417881,"அரசு தலைநாயர் CHC, தலைநாயர், நாகப்பட்டினம் TN."
TNH0690,H_24665,"Govt Thevur CHC, Kilvelur, Nagapattinam TN.",Nagapattinam,Govt-MTM,Govt,General Medicine,10.7275185,79.7295226,"அரசு தேவூர் சிஎச்சி, கீழ்வேளூர், நாகப்பட்டினம் டிஎன்."
TNH0691,H_24663,"Govt Thirumarugal CHC, Nagapattinam TN.",Nagapattinam,Govt-MTM,Govt,General Medicine,10.7601193,79.8417881,"அரசு திருமருகல் CHC, நாகப்பட்டினம் TN."
TNH0692,H_24664,"Govt Thirupoondi CHC, Keelaiyur, Nagapattinam TN.",Nagapattinam,Govt-MTM,Govt,General Medicine,10.7601193,79.8417881,"அரசு திருப்பூண்டி CHC, கீழையூர், நாகப்பட்டினம் TN."
TNH0693,H_24666,"Govt Vadugachery CHC, Nagapattinam TN.",Nagapattinam,Govt-MTM,Govt,General Medicine,10.7601193,79.8417881,"அரசு வடுகச்சேரி CHC, நாகப்பட்டினம் TN."
TNH0694,H_25642,"MC Hospital, Nagapattinam TN.",Nagapattinam,PVT HOSPITAL,PVT,"Multi-Speciality,Urology",10.7601193,79.8417881,"எம்.சி. மருத்துவமனை, நாகப்பட்டினம், தமிழ்நாடு."
TNH0695,H_19485,"Aravinth Hospital,Rangar Sannadhi Str,Namakkal TN.",Namakkal,PVT HOSPITAL,Pvt,Multi-Speciality,11.3793464,77.8966474,"அரவிந்த் மருத்துவமனை, ரங்கர் சன்னதி Str, நாமக்கல் TN."
TNH0696,H_18551,"CM Best Hospitals,Namakkal TN.",Namakkal,PVT HOSPITAL,Pvt,Multi-Speciality,11.2124778,78.167443,"CM பெஸ்ட் மருத்துவமனைகள், நாமக்கல் TN."
TNH0698,H_24725,"Govt.CHC Mohanur,Palapatty ,Namakkal TN.",Namakkal,Govt-MTM,Govt,General Medicine,11.0555811,78.1400064,"அரசு சிஎச்சி மோகனூர், பாலப்பட்டி, நாமக்கல் டிஎன்."
TNH0699,H_24508,"Govt.CHC Pillanallur,Namakkal TN. ",Namakkal,Govt-MTM,Govt,General Medicine,11.4279101,78.1329,"அரசு சிஎச்சி பில்லாநல்லூர், நாமக்கல் டிஎன். "
TNH0714,H_26173,"Imayam speciality hospital, Namakkal, TN.",Namakkal,PVT HOSPITAL,Pvt,Multi-Speciality,11.2309111,78.1593699,"இமயம் சிறப்பு மருத்துவமனை, நாமக்கல், தமிழ்நாடு."
TNH0715,H_18892,"Krishna Hospital Thiruchengodu,Namakkal TN.",Namakkal,PVT HOSPITAL,Pvt,Multi-Speciality,11.375257,77.8933639,"கிருஷ்ணா மருத்துவமனை திருச்செங்கோடு, நாமக்கல் டி.என்."
TNH0716,H_18368,"M.M.Hospital,Namakkal TN.",Namakkal,PVT HOSPITAL,Pvt,Multi-Speciality,11.2102109,78.1776748,"எம்.எம். மருத்துவமனை, நாமக்கல், தமிழ்நாடு."
TNH0717,H_18899,"Maharaja Speciality Hosp Mohanur Road,Namakkal TN.",Namakkal,PVT HOSPITAL,Pvt,Multi-Speciality,11.2107555,78.167003,"மகாராஜா சிறப்பு மருத்துவமனை மோகனூர் சாலை, நாமக்கல் TN."
TNH0718,H_18913,"Malar Hospital Subramaniapuram,Namakkal TN.",Namakkal,PVT HOSPITAL,Pvt,"Gynecology,Urology,Multi-Speciality",11.4572276,78.1923057,"மலர் மருத்துவமனை சுப்பிரமணியபுரம், நாமக்கல் TN."
TNH0719,H_19486,"Manickam Hospital, Rasipuram, Namakkal TN.",Namakkal,PVT HOSPITAL,Pvt,Multi-Speciality,11.4569579,78.192605,"மாணிக்கம் மருத்துவமனை, ராசிபுரம், நாமக்கல் டி.என்."
TNH0720,H_18905,"Maruthi Hopsital Salem Rd,Namakkal TN.",Namakkal,PVT HOSPITAL,Pvt,"Orthopedics,Multi-Speciality",11.2456507,78.1656938,"மாருதி ஹாப்சிடல் சேலம் சாலை, நாமக்கல் TN."
TNH0721,H_18578,"Sakthi Hospital,Namakkal TN.",Namakkal,PVT HOSPITAL,Pvt,"Gynecology,Multi-Speciality",11.2077699,78.1797599,"சக்தி மருத்துவமனை, நாமக்கல், தமிழ்நாடு."
TNH0722,H_18890,"Santhi Hospital Rasipuram,Namakkal TN.",Namakkal,PVT HOSPITAL,Pvt,Multi-Speciality,11.4564978,78.1932519,"சாந்தி மருத்துவமனை ராசிபுரம், நாமக்கல் டி.என்."
TNH0723,H_22733,"Saravana Hospital, Namakkal TN.",Namakkal,PVT HOSPITAL,Pvt,"Ophthalmology,Gynecology",11.2166193,78.171233,"சரவணா மருத்துவமனை, நாமக்கல் டி.என்."
TNH0724,H_22003,"Shree Akhshaya Hospital Namakkal, TN.",Namakkal,PVT HOSPITAL,Pvt,Multi-Speciality,11.2356208,78.1652689,"ஸ்ரீ அக்ஷயா மருத்துவமனை நாமக்கல், டி.என்."
TNH0725,H_19739,"Shri Vigneshwaran Hosp Sendamangalam Namakkal, TN.",Namakkal,PVT HOSPITAL,Pvt,Multi-Speciality,11.2832802,78.2354014,"ஸ்ரீ விக்னேஷ்வரன் மருத்துவமனை சேந்தமங்கலம் நாமக்கல், TN."
TNH0726,H_22823,"Soorya Multispechiality hospitals, Namakkal TN.",Namakkal,PVT HOSPITAL,Pvt,Multi-Speciality,11.237108,78.1753904,"சூரியா மல்டிஸ்பெசியாலிட்டி மருத்துவமனைகள், நாமக்கல் டி.என்."
TNH0727,H_21995,"SPM Medical Centre, Namakkal TN.",Namakkal,PVT HOSPITAL,Pvt,Multi-Speciality,11.3877195,77.8935545,"SPM மருத்துவ மையம், நாமக்கல் TN."
TNH0728,H_23657,"Sri Ragavendra Hospital, Namakal TN.",Namakkal,PVT HOSPITAL,Pvt,Multi-Speciality,11.2152617,78.1703934,"ஸ்ரீ ராகவேந்திரா மருத்துவமனை, நாமக்கல் டி.என்."
TNH0729,H_20919,"Sugam Hospital, Rasipuram, Namakkal TN.",Namakkal,PVT HOSPITAL,Pvt,Multi-Speciality,11.4552937,78.193624,"சுகம் மருத்துவமனை, ராசிபுரம், நாமக்கல் டி.என்."
TNH0730,H_23694,"Swamy Vivekananda MC, Namakkal TN.",Namakkal,PVT HOSPITAL,Pvt,Multi-Speciality,11.2193848,78.1678418,"சுவாமி விவேகானந்தர் எம்.சி., நாமக்கல் டி.என்."
TNH0731,H_18331,"Thangam Hospital, Namakkal TN.",Namakkal,PVT HOSPITAL,Pvt,Multi-Speciality,11.2152118,78.1720045,"தங்கம் மருத்துவமனை, நாமக்கல் டி.என்."
TNH0732,H_18531,"Thirukumaran Hospitals,Namakkal TN.",Namakkal,PVT HOSPITAL,Pvt,"Multi-Speciality,Urology,Dermatology",11.3783233,77.8914061,"திருக்குமரன் மருத்துவமனை, நாமக்கல் TN."
TNH0733,H_22718,"Velavan Hospital, Namakkal, TN.",Namakkal,PVT HOSPITAL,Pvt,Multi-Speciality,11.3856589,77.9034526,"வேலவன் மருத்துவமனை, நாமக்கல், டி.என்."
TNH0734,H_26025,"Visakan Medical Centre, Tiruchengode, Namakkal,TN.",Namakkal,PVT HOSPITAL,Pvt,"Multi-Speciality,Orthopedics",11.3792009,77.8921687,"விசாகன் மருத்துவ மையம், திருச்செங்கோடு, நாமக்கல், தமிழ்நாடு."
TNH0735,H_18394,"Vivekanandha Medical Care Hospital, Namakkal TN.",Namakkal,PVT HOSPITAL,Pvt,Multi-Speciality,11.3651776,77.947823,"விவேகானந்தா மெடிக்கல் கேர் மருத்துவமனை, நாமக்கல் டி.என்."
TNH0736,H_22379,"Anbagam Spl Sc fr Met Ret Chd,Autism PerambalurTN.",Perambalur,PVT AUTISM,Pvt,Psychology,11.2342104,78.8806852,"Anbagam Spl Sc fr Met Ret Chd, Autism PerambalurTN."
TNH0737,H_18258,"Arputhaa Medical Care Hospital, Perambalur TN.",Perambalur,PVT HOSPITAL,PVT,Multi-Speciality,11.2341858,78.8775685,"அற்புதா மருத்துவ பராமரிப்பு மருத்துவமனை, பெரம்பலூர் TN."
TNH0738,H_18294,"Dhanalakshmi Srinivas Hospital,Perambalur TN.",Perambalur,PVT HOSPITAL,PVT,Multi-Speciality,11.2356757,78.8703325,"தனலட்சுமி ஸ்ரீனிவாஸ் மருத்துவமனை, பெரம்பலூர் TN."
TNH0739,H_22577,"Dhanalakshmi Srinivasa Spr Spl Hos, Perambalur TN.",Perambalur,PVT HOSPITAL,PVT,Multi-Speciality,11.237342,78.8395811,"தனலட்சுமி ஸ்ரீனிவாசா எஸ்பிஎல் ஹோஸ், பெரம்பலூர் டிஎன்."
TNH0740,H_25938,"Dhanalakshmi Srinivasan Ins of MedSc,Perambalur TN",Perambalur,PVT HOSPITAL,PVT,Multi-Speciality,11.2365307,78.8406699,"MedSc இன் தனலட்சுமி சீனிவாசன், பெரம்பலூர் TN"
TNH0742,H_25871,"Govt Hospital, Karai, Perambalur TN.",Perambalur,GOVT-DMS,Govt,"General Medicine,Pediatrics",11.1332356,78.8726269,"அரசு மருத்துவமனை, காரை, பெரம்பலூர் டி.என்."
TNH0743,H_25872,"Govt Hospital, Krishnapuram, Perambalur TN.",Perambalur,GOVT-DMS,Govt,"General Medicine,Pediatrics",11.3864324,78.7881726,"அரசு மருத்துவமனை, கிருஷ்ணாபுரம், பெரம்பலூர் டி.என்."
TNH0744,H_25873,"Govt Hospital, Veppur, Perambalur TN.",Perambalur,GOVT-DMS,Govt,"General Medicine,Pediatrics",11.5242621,79.1231721,"அரசு மருத்துவமனை, வேப்பூர், பெரம்பலூர் டி.என்."
TNH0748,H_18610,"Lakshmi Nursing Home,Perambalur TN.",Perambalur,PVT HOSPITAL,PVT,Multi-Speciality,10.8748852,78.8123923,"லட்சுமி நர்சிங் ஹோம், பெரம்பலூர் TN."
TNH0749,H_22851,"MG Hospital,Perambalur TN.",Perambalur,PVT HOSPITAL,PVT,Multi-Speciality,11.240626,78.889211,"எம்.ஜி. மருத்துவமனை, பெரம்பலூர், தமிழ்நாடு."
TNH0750,H_18651,"Niranjan Nursing Home,Perambalur TN.",Perambalur,PVT HOSPITAL,PVT,"Multi-Speciality,Orthopedics,Urology",11.2404576,78.8643533,"நிரஞ்சன் முதியோர் இல்லம், பெரம்பலூர் TN."
TNH0751,H_18800,"SKS HOSPITAL, PERAMBULUR TN.",Perambalur,PVT HOSPITAL,PVT,"Cosemetic Surgery,Multi-Speciality,Gynecology",11.2349687,78.8639492,"எஸ்.கே.எஸ் மருத்துவமனை, பெரம்பூலூர், தமிழ்நாடு."
TNH0752,H_22380,"The Valarpirai Sch fr Spl Chd,Autism,Perambalur TN",Perambalur,PVT AUTISM,Pvt,Psychology,11.2342104,78.8806852,"வளர்பிறை Sch fr Spl Chd,Autism, Perambalur TN"
TNH0754,H_25855,"Govt Subramaniyapuram Hospital, Pudukottai TN.",Pudukottai,Govt-DMS,Govt,"General Medicine,Pediatrics",10.1034201,79.2211476,"சுப்பிரமணியபுரம் அரசு மருத்துவமனை, புதுக்கோட்டை டி.என்."
TNH0769,H_18363,"M Malar Hospital,Pudukottai TN.",Pudukottai,PVT HOSPITAL,Pvt,Multi-Speciality,10.3800346,78.8192558,"எம். மலர் மருத்துவமனை, புதுக்கோட்டை, தமிழ்நாடு."
TNH0770,H_21523,"Manimegalai Medical Centre, Pudukottai TN.",Pudukottai,PVT HOSPITAL,Pvt,Multi-Speciality,10.3864638,78.8152683,"மணிமேகலை மருத்துவ மையம், புதுக்கோட்டை, தமிழ்நாடு."
TNH0771,H_22337,"Muthu Meenakshi Hospitals, Pudukottai TN.",Pudukottai,PVT HOSPITAL,Pvt,Multi-Speciality,10.3794013,78.82189,"முத்து மீனாட்சி மருத்துவமனை, புதுக்கோட்டை டி.என்."
TNH0772,H_23482,"PUDUGAI STAR HOSPITAL,PUDUKOTTAI,TN.",Pudukottai,PVT HOSPITAL,Pvt,"Cardiology,Dental,Multi-Speciality",10.3722393,78.831922,"புதுக்காய் ஸ்டார் மருத்துவமனை, புதுக்கோட்டை, தமிழ்நாடு."
TNH0774,H_22034,"Sree Vijay Hosptials,Pudukottai,TN.",Pudukottai,PVT HOSPITAL,Pvt,"Gynecology,Orthopedics,Urology",10.0344848,79.2305499,"ஸ்ரீ விஜய் ஹாஸ்பிடல்ஸ், புதுக்கோட்டை, டிஎன்."
TNH0776,H_22120,"Team Speciality Hospital,Pudukottai TN.",Pudukottai,PVT HOSPITAL,Pvt,Multi-Speciality,10.3786238,78.8133979,"டீம் ஸ்பெஷாலிட்டி மருத்துவமனை, புதுக்கோட்டை, தமிழ்நாடு."
TNH0778,H_22726,"Arogya hospital, Ramanathapuram TN.",Ramanathapuram,PVT HOSPITAL,Pvt,Multi-Speciality,9.3727024,78.821275,"ஆரோக்யா மருத்துவமனை, ராமநாதபுரம் டி.என்."
TNH0779,H_25877,"Govt Ervadi Taluk Hospital, Ramanathapuram TN.",Ramanathapuram,Govt-DMS,Govt,"General Medicine,Pediatrics",9.2104063,78.7110989,"அரசு ஏர்வாடி தாலுகா மருத்துவமனை, ராமநாதபுரம் டி.என்."
TNH0780,H_19719,"Govt Hospital Kamudhi,Ramanathapuram TN.",Ramanathapuram,Govt-DMS,Govt,"General Medicine,Pediatrics",9.413538,78.3670504,"அரசு மருத்துவமனை கமுதி, ராமநாதபுரம் TN."
TNH0781,H_19720,"Govt Hospital Keelakkarai,Ramanathapuram TN.",Ramanathapuram,Govt-DMS,Govt,"General Medicine,Pediatrics",9.3626479,78.8313906,"அரசு மருத்துவமனை கீழக்கரை, ராமநாதபுரம் TN."
TNH0782,H_20034,"Govt Hospital,Mudukalathur,Ramanthapuram TN.",Ramanathapuram,Govt-DMS,Govt,"General Medicine,Pediatrics",9.3639356,78.8394819,"அரசு மருத்துவமனை, முதுகளத்தூர், ராமந்தபுரம் TN."
TNH0783,H_20036,"Govt Hospital,Rameshwaram,Ramanathapuram TN.",Ramanathapuram,Govt-DMS,Govt,"General Medicine,Pediatrics",9.2828316,79.3120653,"அரசு மருத்துவமனை, ராமேஸ்வரம், ராமநாதபுரம் TN."
TNH0784,H_20035,"Govt Hospital,Thiruvadanai,Ramanthapuram TN.",Ramanathapuram,Govt-DMS,Govt,"General Medicine,Pediatrics",9.7831611,78.9172623,"அரசு மருத்துவமனை, திருவாடானை, இராமந்தபுரம் TN."
TNH0785,H_25870,"Govt Kadaladi Taluk Hospital, Ramanathapuram TN.",Ramanathapuram,Govt-DMS,Govt,"General Medicine,Pediatrics",9.2094688,78.4922427,"அரசு கடலாடி தாலுகா மருத்துவமனை, ராமநாதபுரம் டி.என்."
TNH0786,H_25876,"Govt Mandabam Taluk Hospital, Ramanathapuram TN.",Ramanathapuram,Govt-DMS,Govt,"General Medicine,Pediatrics",9.3639356,78.8394819,"அரசு மண்டபம் தாலுகா மருத்துவமனை, ராமநாதபுரம் டி.என்."
TNH0787,H_25875,"Govt Panaikulam Taluk Hospital, Ramanathapuram TN.",Ramanathapuram,Govt-DMS,Govt,"General Medicine,Pediatrics",9.3741686,78.954279,"அரசு பனைக்குளம் தாலுகா மருத்துவமனை, ராமநாதபுரம் டி.என்."
TNH0788,H_18498,"Govt.Head Qrtrs Hosp Paramakudi,Ramanathpuram TN.",Ramanathapuram,Govt-DMS,Govt,"General Medicine,Pediatrics",9.3590199,78.8370316,"அரசு தலைமை மருத்துவமனை பரமக்குடி, ராமநாதபுரம், தமிழ்நாடு."
TNH0789,H_18495,"Govt.Ramanathapuram Medical college,Ramanad TN.",Ramanathapuram,Govt-DME,Govt,"General Medicine,Pediatrics",9.3629771,78.8561058,"அரசு ராமநாதபுரம் மருத்துவக் கல்லூரி, ராமநாடு TN."
TNH0802,H_24017,"Jeevan Hospital,Ramanathapuram TN.",Ramanathapuram,PVT HOSPITAL,Pvt,Multi-Speciality,9.5508525,78.5869052,"ஜீவன் மருத்துவமனை, ராமநாதபுரம் TN."
TNH0803,H_18253,"Kanagamani Hospital, Ramanathapuram TN.",Ramanathapuram,PVT HOSPITAL,Pvt,Multi-Speciality,9.3644197,78.8331154,"கனகமணி மருத்துவமனை, ராமநாதபுரம் டி.என்."
TNH0804,H_22856,"PPS Hospital, Ramanathapuram, TN.",Ramanathapuram,PVT HOSPITAL,Pvt,Multi-Speciality,9.4151922,78.3672823,"PPS மருத்துவமனை, ராமநாதபுரம், TN."
TNH0806,H_23526,"Apollo KH Hospital, Melvisharam,Ranipet TN.",Ranipet,PVT HOSPITAL,Pvt,Multi-Speciality,12.9223712,79.2751417,"அப்பல்லோ KH மருத்துவமனை, மேல்விஷாரம், ராணிப்பேட்டை TN."
TNH0808,H_20718,"Govt Hospital Sholingur, Ranipet TN.",Ranipet,Govt-DMS,Govt,"General Medicine,Pediatrics",13.1122918,79.4204802,"அரசு மருத்துவமனை, சோளிங்கூர், ராணிப்பேட்டை, தமிழ்நாடு."
TNH0809,H_25856,"Govt Kalavai Taluk Hospital , Ranipet TN.",Ranipet,Govt-DMS,Govt,"General Medicine,Pediatrics",12.7662255,79.4176958,"அரசு கலவாய் தாலுகா மருத்துவமனை, ராணிப்பேட்டை TN."
TNH0816,H_19494,"Govt. Hospital Arakonam, Ranipet TN.",Ranipet,Govt-DMS,Govt,"General Medicine,Pediatrics",13.0849746,79.6647265,"அரசு மருத்துவமனை அரக்கோணம், ராணிப்பேட்டை டி.என்."
TNH0817,H_22747,"Govt. Hospital, Arcot, Ranipet TN.",Ranipet,Govt-DMS,Govt,"General Medicine,Pediatrics",12.9039895,79.3334287,"அரசு மருத்துவமனை, ஆற்காடு, ராணிப்பேட்டை, தமிழ்நாடு."
TNH0818,H_18704,"Govt.Head Quarters Hospital,Wallajah,Ranipet TN.",Ranipet,Govt-DMS,Govt,"General Medicine,Pediatrics",12.9269412,79.3637642,"அரசு தலைமை மருத்துவமனை, வல்லாஜா, ராணிப்பேட்டை, தமிழ்நாடு."
TNH0819,H_18642,"Scudder Hospital,Ranipet TN.",Ranipet,PVT HOSPITAL,Pvt,Multi-Speciality,12.9336394,79.3261499,"ஸ்கடர் மருத்துவமனை, ராணிப்பேட்டை, தமிழ்நாடு."
TNH0820,H_22431,"Sundaram Health centre,Sholinghur,Ranipet TN.",Ranipet,PVT HOSPITAL,Pvt,Multi-Speciality,13.0846214,79.4379805,"சுந்தரம் சுகாதார மையம், சோழிங்கூர், ராணிப்பேட்டை, தமிழ்நாடு."
TNH0821,H_20928,"Thirumalai Mission Hospital, Ranipet TN.",Ranipet,PVT HOSPITAL,Pvt,Multi-Speciality,12.931605,79.3359205,"திருமலை மிஷன் மருத்துவமனை, ராணிப்பேட்டை டி.என்."
TNH0822,H_25638,"Adveka Hospital, Salem TN.",Salem,PVT,PVT,Multi-Speciality,11.5876055,77.8309477,"அத்வேகா மருத்துவமனை, சேலம், தமிழ்நாடு."
TNH0823,H_20025,"Aishwaryam Speciality Hospital, Salem TN.",Salem,PVT,PVT,Multi-Speciality,11.6716442,78.1268498,"ஐஸ்வர்யம் சிறப்பு மருத்துவமனை, சேலம் TN."
TNH0824,H_22818,"Ammani Hospital, Salem TN.",Salem,PVT,PVT,Multi-Speciality,11.6547043,78.1678183,"அம்மணி மருத்துவமனை, சேலம், தமிழ்நாடு."
TNH0825,H_18376,"Annapoorna Medical College Hospital,Salem TN.",Salem,PVT,PVT,Multi-Speciality,11.5773263,78.0373748,"அன்னபூர்ணா மருத்துவக் கல்லூரி மருத்துவமனை, சேலம் TN."
TNH0826,H_26362,"AP MEDICAL CENTER, SALEM, TN.",Salem,Pvt,Pvt,Multi-Speciality,11.6781533,78.143102,"ஏபி மருத்துவ மையம், சேலம், டென்னசி."
TNH0827,H_21521,"Appu Venkatachalam Medical Research Ctr,Salem TN.",Salem,PVT,PVT,Multi-Speciality,11.626502,78.139431,"அப்பு வெங்கடாசலம் மருத்துவ ஆராய்ச்சி Ctr, சேலம் TN."
TNH0828,H_22396,"Aravind Hospital,Edappadi,Salem TN.",Salem,PVT,PVT,Multi-Speciality,11.6097629,78.0970011,"அரவிந்த் மருத்துவமனை, எடப்பாடி, சேலம் TN."
TNH0829,H_22347,"Bhavani Hospital,Swarnapuri, Salem TN.",Salem,PVT,PVT,Multi-Speciality,11.6746465,78.1363076,"பவானி மருத்துவமனை, ஸ்வர்ணபுரி, சேலம் TN."
TNH0830,H_18564,"Deepam Hospital,Salem TN.",Salem,PVT,PVT,Multi-Speciality,11.6269209,78.1476691,"தீபம் மருத்துவமனை, சேலம், தமிழ்நாடு."
TNH0831,H_18697,"Dharan Hospital,Salem TN.",Salem,PVT,PVT,Multi-Speciality,11.6252778,78.1451344,"தரன் மருத்துவமனை, சேலம், தமிழ்நாடு."
TNH0834,H_22561,"EKA Hospital, Fairlands, Salem TN.",Salem,PVT,PVT,Multi-Speciality,11.6642435,78.1483147,"ஈகேஏ மருத்துவமனை, ஃபேர்லாண்ட்ஸ், சேலம், டென்னசி."
TNH0837,H_26065,"Government Peripheral Hosp, Ammapet, Salem, TN.",Salem,Govt,Govt,"General Medicine,Pediatrics",11.6548161,78.1877393,"அரசு புற மருத்துவமனை, அம்மாபேட்டை, சேலம், டென்னசி."
TNH0843,H_18924,"Govt Hospital Authur,Salem TN.",Salem,Govt,Govt,"General Medicine,Pediatrics",11.5821801,78.1260635,"அரசு மருத்துவமனை, ஆத்தூர், சேலம், தமிழ்நாடு."
TNH0844,H_25862,"Govt Hospital, Bethanaickenpalayam, Salem TN.",Salem,Govt,Govt,"General Medicine,Pediatrics",11.6489522,78.5064473,"அரசு மருத்துவமனை, பெத்தநாயக்கன்பாளையம், சேலம், தமிழ்நாடு."
TNH0845,H_25864,"Govt Hospital, Gangavalli, Salem TN.",Salem,Govt,Govt,"General Medicine,Pediatrics",11.5069304,78.6430868,"அரசு மருத்துவமனை, கங்கவல்லி, சேலம் TN."
TNH0846,H_25865,"Govt Hospital, Jalakandapuram, Salem TN.",Salem,Govt,Govt,"General Medicine,Pediatrics",11.696612,77.8772295,"அரசு மருத்துவமனை, ஜலகண்டாபுரம், சேலம் TN."
TNH0847,H_25863,"Govt Hospital, Nainampatti, Salem TN.",Salem,Govt,Govt,"General Medicine,Pediatrics",11.6751854,78.1222336,"அரசு மருத்துவமனை, நைனம்பட்டி, சேலம், தமிழ்நாடு."
TNH0848,H_20048,"Govt Hospital, Sankagiri, Salem TN.",Salem,Govt,Govt,"General Medicine,Pediatrics",11.7497796,78.1100578,"அரசு மருத்துவமனை, சங்ககிரி, சேலம் TN."
TNH0849,H_24450,"Govt Hospital, Vazhapadi, Salem TN.",Salem,Govt,Govt,"General Medicine,Pediatrics",11.7497796,78.1100578,"அரசு மருத்துவமனை, வாழப்பாடி, சேலம், தமிழ்நாடு."
TNH0850,H_25866,"Govt Hospital, Vembadithalam, Salem TN.",Salem,Govt,Govt,"General Medicine,Pediatrics",11.5671493,78.0109764,"அரசு மருத்துவமனை, வேம்படித்தாலம், சேலம் TN."
TNH0851,H_24449,"Govt Hospital, Yercaud, Salem TN.",Salem,Govt,Govt,"General Medicine,Pediatrics",11.7786284,78.2147528,"அரசு மருத்துவமனை, ஏற்காடு, சேலம், தமிழ்நாடு."
TNH0852,H_19488,"Govt Hospital,Omalur, Salem TN.",Salem,Govt,Govt,"General Medicine,Pediatrics",11.7497796,78.1100578,"அரசு மருத்துவமனை, ஓமலூர், சேலம், தமிழ்நாடு."
TNH0861,H_18517,"Govt Mohan Kumaramangalam Med College, Salem TN.",Salem,Govt,Govt,"General Medicine,Pediatrics",11.6553241,78.1527704,"அரசு மோகன் குமாரமங்கலம் மருத்துவக் கல்லூரி, சேலம் டி.என்."
TNH0875,H_22321,"Govt. Hospital, Idappadi, Salem TN.",Salem,Govt,Govt,"General Medicine,Pediatrics",11.5708791,77.9198207,"அரசு மருத்துவமனை, இடப்பாடி, சேலம், தமிழ்நாடு."
TNH0876,H_18499,"Govt.Head Quarters Hospital Mettur Dam,Salem TN.",Salem,Govt,Govt,"General Medicine,Pediatrics",11.7958241,77.7989155,"அரசு தலைமை மருத்துவமனை, மேட்டூர் அணை, சேலம், தமிழ்நாடு."
TNH0877,H_22674,"J.S Hospital,Ramakrishna Road, Salem TN.",Salem,PVT,PVT,Multi-Speciality,11.6738684,78.1520194,"ஜே.எஸ் மருத்துவமனை, ராமகிருஷ்ணா சாலை, சேலம், தமிழ்நாடு."
TNH0878,H_22344,"Jaaidev Hospital Pvt Ltd, Minnampalli,Salem TN.",Salem,PVT,PVT,Multi-Speciality,11.6659403,78.262413,"ஜெய்தேவ் மருத்துவமனை பிரைவேட் லிமிடெட், மின்னம்பள்ளி, சேலம் TN."
TNH0879,H_26178,"JJ Medical Center, Alagapuram, Salem TN.",Salem,PVT,PVT,Multi-Speciality,11.682836,78.1384586,"ஜேஜே மருத்துவ மையம், அழகபுரம், சேலம், தமிழ்நாடு."
TNH0880,H_18359,"K M Nataraj Hospital,Salem TN.",Salem,PVT,PVT,Multi-Speciality,11.6520568,78.1194462,"KM நடராஜ் மருத்துவமனை, சேலம் TN."
TNH0881,H_18920,"Kamala Hospital Agraharam,Salem TN.",Salem,PVT,PVT,Multi-Speciality,11.6566178,78.1643045,"கமலா மருத்துவமனை அக்ரஹாரம், சேலம் TN."
TNH0882,H_18930,"Karthik Media Centre Edappadi,Salem TN.",Salem,PVT,PVT,Multi-Speciality,11.6834843,78.1181025,"கார்த்திக் மீடியா சென்டர் எடப்பாடி, சேலம் TN."
TNH0883,H_22757,"Kauvery Hospital, Seelanaickenpatti, Salem TN.",Salem,PVT,PVT,Multi-Speciality,11.6291662,78.1486689,"காவேரி மருத்துவமனை, சீலநாயக்கன்பட்டி, சேலம், தமிழ்நாடு."
TNH0884,H_18940,"Kiruba Hospital Rajaji Road,Salem TN.",Salem,PVT,PVT,Multi-Speciality,11.6669958,78.1560419,"கிருபா மருத்துவமனை ராஜாஜி சாலை, சேலம் TN."
TNH0886,H_18579,"Kurinji Hospital,Salem TN.",Salem,PVT,PVT,Multi-Speciality,11.6770989,78.1353645,"குரிஞ்சி மருத்துவமனை, சேலம், தமிழ்நாடு."
TNH0888,H_26033,"Manima Hospitals, Salem, TN.",Salem,PVT,PVT,"Multi-Speciality,Gynecology",11.6193252,78.1459242,"மனிமா மருத்துவமனைகள், சேலம், டென்னசி."
TNH0889,H_18928,"Manipal Hospital Dalmia Brd,Salem TN.",Salem,PVT,PVT,Multi-Speciality,11.7030185,78.1027645,"மணிப்பால் மருத்துவமனை, தால்மியா கிளை, சேலம், தமிழ்நாடு."
TNH0891,H_26382,"Naam Hospital, Salem, TN.",Salem,Pvt,Pvt,Multi-Speciality,11.6419547,78.1401508,"நாம் மருத்துவமனை, சேலம், தமிழ்நாடு."
TNH0892,H_18937,"Nathan Super Speciaty Hospt Holy Flr Sch,Salem TN.",Salem,PVT,PVT,Multi-Speciality,11.6744508,78.1418684,"நேதன் சூப்பர் ஸ்பெஷாலிட்டி மருத்துவமனை, ஹோலி ஃப்ளோர் பள்ளி, சேலம், டென்னசி."
TNH0895,H_18509,"Pranav Hospital, Salem TN.",Salem,PVT,PVT,Multi-Speciality,11.6693201,78.1426459,"பிரணவ் மருத்துவமனை, சேலம், தமிழ்நாடு."
TNH0896,H_25999,"Preetham Advancd Criticl Care Hosp P.Ltd,Salem,TN.",Salem,PVT,PVT,Multi-Speciality,11.5908484,78.1366975,"ப்ரீதம் அட்வான்சிட் கிரிட்டிகல் கேர் ஹோஸ்ப் பி.லிட், சேலம், டிஎன்."
TNH0897,H_21135,"Priyam Speciality Hospital, Salem TN.",Salem,PVT,PVT,Multi-Speciality,11.6344582,78.1241009,"பிரியம் சிறப்பு மருத்துவமனை, சேலம் TN."
TNH0898,H_22304,"Rajammal Hospital, Ammapet, Salem TN.",Salem,PVT,PVT,"Pediatrics,Multi-Speciality",11.658473,78.1808111,"ராஜம்மாள் மருத்துவமனை, அம்மாபேட்டை, சேலம் TN."
TNH0899,H_23390,"Raos PathLab, Salem DC.",Salem,Pvt,Pvt,Multi-Speciality,11.648886,78.1229381,"ராவ்ஸ் பாத்லேப், சேலம் டி.சி."
TNH0900,H_18536,"RPS Hospital,Salem TN.",Salem,PVT,PVT,Multi-Speciality,11.6260587,78.1473229,"ஆர்.பி.எஸ் மருத்துவமனை, சேலம், தமிழ்நாடு."
TNH0902,H_18881,"Saravana Hospital,Ammapet,Salem TN.",Salem,PVT,PVT,Multi-Speciality,11.6624149,78.1714824,"சரவணா மருத்துவமனை, அம்மாபேட்டை, சேலம் TN."
TNH0903,H_18946,"Shanmuga Hospital Private Limited, Salem TN.",Salem,PVT,PVT,Multi-Speciality,11.676404,78.1525984,"சண்முகா மருத்துவமனை பிரைவேட் லிமிடெட், சேலம், தமிழ்நாடு."
TNH0904,H_22159,"Shanthi Nursing Home, Dadagapatti, Salem TN.",Salem,PVT,PVT,Multi-Speciality,11.640625,78.1533239,"சாந்தி முதியோர் இல்லம், தாதகாபட்டி, சேலம் TN."
TNH0906,H_21980,"Shri Bharathi Nursing Home, Salem TN.",Salem,PVT,PVT,"Gynecology,Multi-Speciality",11.6420096,78.1424059,"ஸ்ரீ பாரதி நர்சிங் ஹோம், சேலம், தமிழ்நாடு."
TNH0907,H_23773,"Shri Hospitals, Shankar Nagar,  Salem TN.",Salem,PVT,PVT,Multi-Speciality,11.6611797,78.1533547,"ஸ்ரீ மருத்துவமனைகள், சங்கர் நகர், சேலம் TN."
TNH0908,H_18575,"Shri Suraksha Splty Medical Centr Pvt Ld,Salem TN.",Salem,PVT,PVT,Multi-Speciality,11.6672821,78.1229448,"ஸ்ரீ சுரக்ஷா ஸ்ப்லிடி மெடிக்கல் சென்டர் பிரைவேட் லிமிடெட், சேலம் TN."
TNH0909,H_21511,"SIMS Chellum hospital,Salem TN.",Salem,PVT,PVT,Multi-Speciality,11.6698299,78.1558727,"சிம்ஸ் செல்லம் மருத்துவமனை, சேலம், தமிழ்நாடு."
TNH0910,H_18934,"SISU Hospital India Pvt Ld Kandapatti,Salem TN.",Salem,PVT,PVT,"Gynecology,Fertility,Pediatrics",11.6506204,78.1204527,"SISU மருத்துவமனை இந்தியா பிரைவேட் Ld கண்டப்பட்டி, சேலம் TN."
TNH0911,H_18568,"SKS Hospital,Salem TN.",Salem,PVT,PVT,Multi-Speciality,11.6701676,78.1433932,"எஸ்.கே.எஸ் மருத்துவமனை, சேலம், தமிழ்நாடு."
TNH0912,H_19636,"SPMM Hospital Ammapet, Salem TN.",Salem,PVT,PVT,Multi-Speciality,11.6612384,78.1920086,"SPMM மருத்துவமனை, அம்மாப்பேட்டை, சேலம், தமிழ்நாடு."
TNH0914,H_18574,"Sri Gokulam Hospital,Salem TN.",Salem,PVT,PVT,Multi-Speciality,11.672718,78.1339232,"ஸ்ரீ கோகுலம் மருத்துவமனை, சேலம், தமிழ்நாடு."
TNH0915,H_18943,"Sri Shellappa Hospital Rajaram Nagar,Salem TN.",Salem,PVT,PVT,Multi-Speciality,11.6607896,78.1556587,"ஸ்ரீ செல்லப்பா மருத்துவமனை ராஜாராம் நகர், சேலம் TN."
TNH0916,H_22430,"Subam Hospital, Elampillai, Salem TN.",Salem,PVT,PVT,Multi-Speciality,11.6069549,78.0042118,"சுபம் மருத்துவமனை, இளம்பிள்ளை, சேலம் TN."
TNH0917,H_26158,"Sun Srishti Speciality Hospital, Salem TN.",Salem,PVT,PVT,Multi-Speciality,11.6065352,78.0041548,"சன் சிருஷ்டி சிறப்பு மருத்துவமனை, சேலம் TN."
TNH0919,H_26182,"Thangavelu Hospital, Salem TN.",Salem,PVT,PVT,Orthopedics,11.6751854,78.1222336,"தங்கவேலு மருத்துவமனை, சேலம் டி.என்."
TNH0921,H_18399,"Vinayaga Mission Kirubananda Med Colg Hp,Salem TN.",Salem,PVT,PVT,Multi-Speciality,11.715593,78.1785323,"விநாயகா மிஷன் கிருபானந்தா மெட் கோல்க் ஹெச்பி, சேலம் TN."
TNH0924,H_22035,"Anbhu Ramachandran Hospital,Sivagangai,TN.",Sivaganga,PVT HOSPITAL,Pvt,Multi-Speciality,9.9481764,78.8186742,"அன்பு ராமச்சந்திரன் மருத்துவமனை, சிவகங்கை, தமிழ்நாடு."
TNH0925,H_18407,"Apollo Hospitals,Sivagangai TN.",Sivaganga,PVT HOSPITAL,Pvt,Multi-Speciality,9.8479616,78.4832344,"அப்பல்லோ மருத்துவமனை, சிவகங்கை TN."
TNH0927,H_19091,"Government Medical College, Sivagangai TN. ",Sivaganga,Govt-DME,Govt,"General Medicine,Pediatrics",9.8397236,78.4785581,"அரசு மருத்துவக் கல்லூரி, சிவகங்கை டி.என். "
TNH0928,H_22650,"Govt Hospital Manamadurai,Sivagangai,TN.",Sivaganga,Govt-DMS,Govt,"General Medicine,Pediatrics",9.6940519,78.4592314,"அரசு மருத்துவமனை மானாமதுரை, சிவகங்கை, தமிழ்நாடு."
TNH0929,H_22602,"Govt Hospital Singampunari, Sivagangai TN.",Sivaganga,Govt-DMS,Govt,"General Medicine,Pediatrics",9.855515,78.486287,"அரசு மருத்துவமனை சிங்கம்புணரி, சிவகங்கை டி.என்."
TNH0930,H_19475,"Govt Hospital Thirupathur, Sivagangai TN.",Sivaganga,Govt-DMS,Govt,"General Medicine,Pediatrics",9.855515,78.486287,"அரசு மருத்துவமனை திருப்பத்தூர், சிவகங்கை டி.என்."
TNH0931,H_22601,"Govt Hospital Thiruppuvanam, Sivagangai TN.",Sivaganga,Govt-DMS,Govt,"General Medicine,Pediatrics",9.8240339,78.2578101,"அரசு மருத்துவமனை திருப்புவனம், சிவகங்கை டி.என்."
TNH0932,H_24400,"Govt Hospital, Kanandur, Sivagangai TN.",Sivaganga,Govt-DMS,Govt,"General Medicine,Pediatrics",9.855515,78.486287,"அரசு மருத்துவமனை, கானந்தூர், சிவகங்கை டி.என்."
TNH0933,H_24401,"Govt Hospital, Pulankurichi, Sivagangai TN.",Sivaganga,Govt-DMS,Govt,"General Medicine,Pediatrics",10.2685775,78.5920286,"அரசு மருத்துவமனை, பூலாங்குறிச்சி, சிவகங்கை டி.என்."
TNH0934,H_19089,"Govt hospital,Devakottai,Sivagangai,TN",Sivaganga,Govt-DMS,Govt,"General Medicine,Pediatrics",9.855515,78.486287,"அரசு மருத்துவமனை, தேவகோட்டை, சிவகங்கை, தமிழ்நாடு"
TNH0935,H_23167,"Govt Hospital,Ilayankudi,Sivagangai TN.",Sivaganga,Govt-DMS,Govt,"General Medicine,Pediatrics",9.855515,78.486287,"அரசு மருத்துவமனை, இளையான்குடி, சிவகங்கை டி.என்."
TNH0936,H_24523,"Govt.GPHC Thiruvegampet,Sivagangai TN. ",Sivaganga,Govt-MTM,Govt,General Medicine,9.8322283,78.7823301,"அரசு GPHC திருவேகம்பேட்டை, சிவகங்கை TN. "
TNH0937,H_18500,"Govt.Head Qrtrs Hosp Karaikudi,Sivagangai TN.",Sivaganga,Govt-DMS,Govt,"General Medicine,Pediatrics",10.0729625,78.7297656,"காரைக்குடி அரசு தலைமைக் கழகம், சிவகங்கை TN."
TNH0938,H_23165,"Govt.Hospital,Kalayarkovil,Sivagangai TN.",Sivaganga,Govt-DMS,Govt,"General Medicine,Pediatrics",9.8575448,78.5992043,"அரசு மருத்துவமனை, காளையார்கோவில், சிவகங்கை TN."
TNH0939,H_23166,"Govt.Hospital,Kanadukathan,Sivagangai TN.",Sivaganga,Govt-DMS,Govt,"General Medicine,Pediatrics",10.1689725,78.7830019,"அரசு மருத்துவமனை, கானாடுகாத்தான், சிவகங்கை TN."
TNH0942,H_23168,"Govt.Somanathapuram TB Hospital,Sivagangai TN.",Sivaganga,Govt-DMS,Govt,"General Medicine,Pediatrics",9.5572298,78.5644457,"அரசு சோமநாதபுரம் காசநோய் மருத்துவமனை, சிவகங்கை டி.என்."
TNH0952,H_23580,"Jedaiah Steve Hospital,Karaikudai,Sivagangai TN.",Sivaganga,PVT HOSPITAL,Pvt,Multi-Speciality,10.0772332,78.784921,"ஜெடையா ஸ்டீவ் மருத்துவமனை, காரைக்குடை, சிவகங்கை TN."
TNH0953,H_21377,"Karaikudi Medical Centre,Sivagangai TN.",Sivaganga,PVT HOSPITAL,Pvt,Multi-Speciality,10.07354,78.773198,"காரைக்குடி மருத்துவ மையம், சிவகங்கை டி.என்."
TNH0955,H_25940,"Nirubarajan Lifecare Hospital, Sivagangai TN.",Sivaganga,PVT HOSPITAL,Pvt,"Multi-Speciality,Orthopedics,Gynecology",9.6978781,78.4487697,"நிரூபராஜன் லைஃப்கேர் மருத்துவமனை, சிவகங்கை டி.என்."
TNH0956,H_22100,"RMS Pusali Ammal Nursing Home,Sivagangai,TN.",Sivaganga,PVT HOSPITAL,Pvt,Multi-Speciality,9.8479616,78.4832344,"RMS பூசாலி அம்மாள் முதியோர் இல்லம், சிவகங்கை, TN."
TNH0957,H_23938,"Sahayarani Hospital, Kalayarkovil,Sivagangai TN.",Sivaganga,PVT HOSPITAL,Pvt,Multi-Speciality,9.8457023,78.641123,"சகாயராணி மருத்துவமனை, காளையார்கோவில், சிவகங்கை டி.என்."
TNH0958,H_18463,"Senthil Hospital,Sivagangai TN.",Sivaganga,PVT HOSPITAL,Pvt,Multi-Speciality,9.9481253,78.8222823,"செந்தில் மருத்துவமனை, சிவகங்கை டி.என்."
TNH0959,H_18222,"SM Hospital, Sivagangai TN.",Sivaganga,PVT HOSPITAL,Pvt,"Gynecology,Multi-Speciality",9.9497719,78.8201227,"எஸ்.எம். மருத்துவமனை, சிவகங்கை, தமிழ்நாடு."
TNH0960,H_18502,"Dist. Govt. Head Qrtrs Hosp Tenkasi,TN. ",Tenkasi,Govt-DMS,Govt,"General Medicine,Pediatrics",8.952567,77.315522,"மாவட்டம். அரசு தலைமை Qrtrs Hosp தென்காசி, TN. "
TNH0961,H_22132,"Govt Hospital Alangulam,Tenkasi TN.",Tenkasi,Govt-DMS,Govt,"General Medicine,Pediatrics",8.8666801,77.4915272,"அரசு மருத்துவமனை ஆலங்குளம், தென்காசி TN."
TNH0962,H_22131,"Govt Hospital Auikudi,Tenkasi TN.",Tenkasi,Govt-DMS,Govt,"General Medicine,Pediatrics",8.9524887,77.3154809,"அரசு மருத்துவமனை ஆய்குடி, தென்காசி TN."
TNH0963,H_22139,"Govt Hospital Kadayanallur,Tenkasi TN.",Tenkasi,Govt-DMS,Govt,"General Medicine,Pediatrics",9.0846695,77.3459496,"அரசு மருத்துவமனை கடையநல்லூர், தென்காசி TN."
TNH0964,H_22134,"Govt Hospital Puliangudi,Tenkasi TN.",Tenkasi,Govt-DMS,Govt,"General Medicine,Pediatrics",9.1640569,77.390657,"அரசு மருத்துவமனை புளியங்குடி, தென்காசி TN."
TNH0965,H_19476,"Govt Hospital Sankarankoil, Tenkasi TN. ",Tenkasi,Govt-DMS,Govt,"General Medicine,Pediatrics",9.1672965,77.5358336,"அரசு மருத்துவமனை சங்கரன்கோவில், தென்காசி டி.என். "
TNH0966,H_22133,"Govt Hospital Sengkottai,Tenkasi TN.",Tenkasi,Govt-DMS,Govt,"General Medicine,Pediatrics",9.0055005,77.1883132,"அரசு மருத்துவமனை செங்கோட்டை, தென்காசி TN."
TNH0967,H_22330,"Govt Hospital Sivagiri, Tenkasi TN. ",Tenkasi,Govt-DMS,Govt,"General Medicine,Pediatrics",9.3472834,77.4329227,"அரசு மருத்துவமனை சிவகிரி, தென்காசி டி.என். "
TNH0968,H_22329,"Govt Hospital Veerakeralampudur, Tirunelveli TN.",Tenkasi,Govt-DMS,Govt,"General Medicine,Pediatrics",8.9715973,77.4213091,"அரசு மருத்துவமனை, வீரகேரளம்புதூர், திருநெல்வேலி, தமிழ்நாடு."
TNH0979,H_23493,"Meeran hospital, Tenkasi TN.",Tenkasi,PVT HOSPITAL,Pvt,Multi-Speciality,8.9542513,77.3024504,"மீரன் மருத்துவமனை, தென்காசி, தமிழ்நாடு."
TNH0980,H_23494,"Santhi hospital, Tenkasi TN.",Tenkasi,PVT HOSPITAL,Pvt,Multi-Speciality,8.957242,77.30606,"சாந்தி மருத்துவமனை, தென்காசி, தமிழ்நாடு."
TNH0983,H_18280,"Anbu Hospital,Thanjavur TN.",Thanjavur,PVT HOSPITAL,PVT,Multi-Speciality,10.9610594,79.3839756,"அன்பு மருத்துவமனை, தஞ்சாவூர், தமிழ்நாடு."
TNH0988,H_22336,"Diocese of Thanjavur society OLH, Thanjavur TN.",Thanjavur,PVT HOSPITAL,PVT,Multi-Speciality,10.7712538,79.1369324,"தஞ்சாவூர் மறைமாவட்ட சங்கம் OLH, தஞ்சாவூர், தமிழ்நாடு."
TNH0989,H_18371,"Dr R K Nursing Home, Thanjavur TN.",Thanjavur,PVT HOSPITAL,PVT,Multi-Speciality,10.7805939,79.1315969,"டாக்டர் ஆர் கே நர்சிங் ஹோம், தஞ்சாவூர், தமிழ்நாடு."
TNH0990,H_25614 ,"Govt Hospital Adirampattinam, Thanjavur, TN.",Thanjavur,GOVT-DMS,Govt,"General Medicine,Pediatrics",10.3503346,79.3775294,"அரசு மருத்துவமனை, அதிரம்பட்டினம், தஞ்சாவூர், தமிழ்நாடு."
TNH0991,H_25617,"Govt Hospital Ayyampettai, Thanjavur, TN.",Thanjavur,GOVT-DMS,Govt,"General Medicine,Pediatrics",10.895737,79.1897152,"அரசு மருத்துவமனை, அய்யம்பேட்டை, தஞ்சாவூர், தமிழ்நாடு."
TNH0992,H_25622,"Govt Hospital Nachiyarkoil, Thanjavur, TN.",Thanjavur,GOVT-DMS,Govt,"General Medicine,Pediatrics",10.9176616,79.4454715,"அரசு மருத்துவமனை நாச்சியார்கோயில், தஞ்சாவூர், டி.என்."
TNH0993,H_22603,"Govt Hospital Papanasam, Thanjavur TN.",Thanjavur,GOVT-DMS,Govt,"General Medicine,Pediatrics",10.9260865,79.26266,"அரசு மருத்துவமனை பாபநாசம், தஞ்சாவூர் டி.என்."
TNH0994,H_22041,"Govt Hospital Peravurani,Thanjavur,TN.",Thanjavur,GOVT-DMS,Govt,"General Medicine,Pediatrics",10.2841701,79.247219,"அரசு மருத்துவமனை, பேராவூரணி, தஞ்சாவூர், தமிழ்நாடு."
TNH0995,H_25621,"Govt Hospital Thiruvidaimaruthur, Thanjavur, TN.",Thanjavur,GOVT-DMS,Govt,"General Medicine,Pediatrics",10.9950698,79.4498459,"அரசு மருத்துவமனை, திருவிடைமருதூர், தஞ்சாவூர், தமிழ்நாடு."
TNH0996,H_24438,"Govt Hospital,Boothalur,Thanjavur TN.",Thanjavur,GOVT-DMS,Govt,"General Medicine,Pediatrics",10.7910439,78.9782394,"அரசு மருத்துவமனை, பூதலூர், தஞ்சாவூர் TN."
TNH0997,H_24440,"Govt Hospital,Orathanadu,Thanjavur TN.",Thanjavur,GOVT-DMS,Govt,"General Medicine,Pediatrics",10.6289225,79.2522027,"அரசு மருத்துவமனை, ஒரத்தநாடு, தஞ்சாவூர் TN."
TNH0998,H_25823,"Govt. Hospital, Aduthurai, Thanjavur TN.",Thanjavur,GOVT-DMS,Govt,"General Medicine,Pediatrics",11.014065,79.4839867,"அரசு மருத்துவமனை, ஆடுதுறை, தஞ்சாவூர் டி.என்."
TNH0999,H_25822,"Govt. Hospital, Thirupananthal, Thanjavur TN.",Thanjavur,GOVT-DMS,Govt,"General Medicine,Pediatrics",11.0910029,79.4531065,"அரசு மருத்துவமனை, திருப்பனந்தாள், தஞ்சாவூர் டி.என்."
TNH1000,H_25821,"Govt. Hospital, Thiruvaiyaru, Thanjavur TN.",Thanjavur,GOVT-DMS,Govt,"General Medicine,Pediatrics",10.8837921,79.1087914,"அரசு மருத்துவமனை, திருவையாறு, தஞ்சாவூர் டி.என்."
TNH1001,H_18869,"GOVT. PATTUKOTTAI HOSPITAL, THANJAVUR TN.",Thanjavur,GOVT-DMS,Govt,"General Medicine,Pediatrics",10.4232271,79.3199985,"அரசு பட்டுக்கோட்டை மருத்துவமனை, தஞ்சாவூர் TN."
TNH1002,H_19342,"Govt. Raja Mirasdar Hospital, OG , TN.",Thanjavur,GOVT-DMS,Govt,Multi-Speciality,10.7855379,79.1365965,"அரசு ராஜா மிராஸ்தார் மருத்துவமனை, OG, TN."
TNH1003,H_18501,"Govt.Head Quarters Hosp Kumbakonam,Thanjavur TN.",Thanjavur,GOVT-DMS,Govt,"General Medicine,Pediatrics",10.9692463,79.385656,"அரசு தலைமை மருத்துவமனை, கும்பகோணம், தஞ்சாவூர், தமிழ்நாடு."
TNH1004,H_25853,"Govt.Hospital, Thirukattupalli,Thanjavur TN.",Thanjavur,GOVT-DMS,Govt,"General Medicine,Pediatrics",10.8488064,78.9550334,"அரசு மருத்துவமனை, திருக்காட்டுப்பள்ளி, தஞ்சாவூர் TN."
TNH1021,H_23712,"Kanakesa Thevar Memorial Hospital, Thanjavur TN.",Thanjavur,PVT HOSPITAL,PVT,Multi-Speciality,10.4245209,79.3197598,"கனகேச தேவர் நினைவு மருத்துவமனை, தஞ்சாவூர் டி.என்."
TNH1022,H_22274,"Kannan Hospital, Thanjavur TN.",Thanjavur,PVT HOSPITAL,PVT,Multi-Speciality,10.7534503,79.1206396,"கண்ணன் மருத்துவமனை, தஞ்சாவூர், தமிழ்நாடு."
TNH1024,H_22599,"Medway Hospital, Thanjavur TN.",Thanjavur,PVT HOSPITAL,PVT,Multi-Speciality,10.9629847,79.3823334,"மெட்வே மருத்துவமனை, தஞ்சாவூர், தமிழ்நாடு."
TNH1026,H_18419,"MR Hospital,Thanjavur TN.",Thanjavur,PVT HOSPITAL,PVT,Multi-Speciality,10.7645134,79.1290199,"எம்.ஆர். மருத்துவமனை, தஞ்சாவூர், தமிழ்நாடு."
TNH1027,H_18612,"MVK Nursing Home,Thanjavur TN.",Thanjavur,PVT HOSPITAL,PVT,Multi-Speciality,10.764322,79.142719,"எம்.வி.கே நர்சிங் ஹோம், தஞ்சாவூர், தமிழ்நாடு."
TNH1028,H_21382,"NATIONAL PHARMA HOSPITAL, Thanjavur TN.",Thanjavur,PVT HOSPITAL,PVT,Multi-Speciality,10.7571567,79.0975136,"தேசிய மருந்து மருத்துவமனை, தஞ்சாவூர், தமிழ்நாடு."
TNH1029,H_24846,"NM Hospital Pvt Ltd, Thanjavur TN.",Thanjavur,PVT HOSPITAL,PVT,"Gynecology,Pediatrics,Multi-Speciality",10.7698963,79.1325018,"என்.எம். மருத்துவமனை பிரைவேட் லிமிடெட், தஞ்சாவூர், தமிழ்நாடு."
TNH1030,H_18827,"ROHINI HOSPITAL, THANJAVUR TN.",Thanjavur,PVT HOSPITAL,PVT,Multi-Speciality,10.7686378,79.1312737,"ரோகிணி மருத்துவமனை, தஞ்சாவூர், தமிழ்நாடு."
TNH1031,H_18828,"S B HOSPITAL, THANJAVUR TN.",Thanjavur,PVT HOSPITAL,PVT,Multi-Speciality,10.7755558,79.1253808,"எஸ் பி மருத்துவமனை, தஞ்சாவூர், தமிழ்நாடு."
TNH1034,H_22405,"Sirugagal rehabilation centre,Autism,Thanjavur TN.",Thanjavur,PVT AUTISM,Pvt,Psychology,10.7805095,79.1306494,"சிறுகாகங்கள் மறுவாழ்வு மையம், ஆட்டிசம், தஞ்சாவூர், தமிழ்நாடு."
TNH1035,H_25752,"Sri Kamatchi Medical Centre, Thanjavur TN.",Thanjavur,PVT HOSPITAL,PVT,Multi-Speciality,10.7584113,79.1190572,"ஸ்ரீ காமாட்சி மருத்துவ மையம், தஞ்சாவூர் TN."
TNH1036,H_23713,"Sri Kumaran Gastro Pvt Ltd Hospital, Thanjavur TN.",Thanjavur,PVT HOSPITAL,PVT,"Gastrology,Hepatology,Multi-Speciality",10.7676843,79.1113589,"ஸ்ரீ குமாரன் காஸ்ட்ரோ பிரைவேட் லிமிடெட் மருத்துவமனை, தஞ்சாவூர், தமிழ்நாடு."
TNH1037,H_23489,"Sri Naadi hospital, Pattukottai TN.",Thanjavur,PVT HOSPITAL,PVT,Multi-Speciality,10.4219197,79.3228856,"ஸ்ரீ நாடி மருத்துவமனை, பட்டுக்கோட்டை TN."
TNH1038,H_18833,"SUGAM HOSPITAL, THANJAVUR TN.",Thanjavur,PVT HOSPITAL,PVT,Multi-Speciality,10.7697093,79.1328139,"சுகம் மருத்துவமனை, தஞ்சாவூர், தமிழ்நாடு."
TNH1039,H_18723,"Thanjavur Medical College Hospital,Thanjavur TN.",Thanjavur,GOVT-DME,Govt,"General Medicine,Pediatrics",10.7609373,79.1056912,"தஞ்சாவூர் மருத்துவக் கல்லூரி மருத்துவமனை, தஞ்சாவூர், தமிழ்நாடு."
TNH1040,H_18411,"Vinodhagan Memorial Hospital, Thanjavur TN.",Thanjavur,PVT HOSPITAL,PVT,Multi-Speciality,10.7742849,79.1362587,"வினோதகன் நினைவு மருத்துவமனை, தஞ்சாவூர், தமிழ்நாடு."
TNH1041,H_22016,"Vishnu Caner Centre and Research Ins,Thanjavur,TN.",Thanjavur,PVT HOSPITAL,PVT,Oncology,10.7403886,79.1117857,"விஷ்ணு புற்றுநோய் மையம் மற்றும் ஆராய்ச்சி நிறுவனம், தஞ்சாவூர், தமிழ்நாடு."
TNH1046,H_26360,"Govt. Primary Health Centre,Thuneri, Nilgiris TN. ",The Nilgiris,Govt,Govt,General Medicine,11.4529681,76.7394237,"அரசு ஆரம்ப சுகாதார மையம், துனேரி, நீலகிரி, தமிழ்நாடு."
TNH1049,H_22328,"ARVI Trust, Autism, Theni TN.",Theni,PVT AUTISM,Pvt,Psychology,10.0076385,77.477845,"ஆர்வி அறக்கட்டளை, ஆட்டிசம், தேனி, தமிழ்நாடு."
TNH1051,H_18270,"Deepam Hospital, Bodinayakanur, Theni TN.",Theni,PVT HOSPITAL,PVT,Multi-Speciality,10.0071056,77.349553,"தீபம் மருத்துவமனை, போடிநாயக்கனூர், தேனி டி.என்."
TNH1052,H_26294,"Dr Sathianesans Hospital, Theni, TN.",Theni,PVT HOSPITAL,Pvt,Multi-Speciality,9.8481104,77.3820344,"டாக்டர் சத்யானேசன்ஸ் மருத்துவமனை, தேனி, தமிழ்நாடு."
TNH1053,H_22462,"Govt. CHC, Dompucherry, Theni TN.",Theni,Govt-MTM,Govt,General Medicine,10.0311403,77.4829608,"அரசு CHC, தோம்புச்சேரி, தேனி TN."
TNH1054,H_22461,"Govt. CHC, Veerapandi, Theni TN.",Theni,Govt-MTM,Govt,General Medicine,9.9898677,77.4680314,"அரசு சி.எச்.சி., வீரபாண்டி, தேனி டி.என்."
TNH1061,H_22325,"Image Special School, Autism, Theni TN.",Theni,PVT AUTISM,Pvt,Psychology,9.8874125,77.2861205,"இமேஜ் சிறப்புப் பள்ளி, ஆட்டிசம், தேனி, தமிழ்நாடு."
TNH1062,H_18279,"Krishnammal Memorial Hospital,Theni TN.",Theni,PVT HOSPITAL,PVT,Multi-Speciality,10.0230554,77.4799756,"கிருஷ்ணம்மாள் நினைவு மருத்துவமனை, தேனி டி.என்."
TNH1064,H_23553,"Nalam Healthcare Hospital,Theni TN.",Theni,PVT HOSPITAL,PVT,"Multi-Speciality,Cardiology,Orthopedics",10.0311403,77.4829608,"நலம் ஹெல்த்கேர் மருத்துவமனை, தேனி TN."
TNH1065,H_18613,"NRT Hospital,Theni TN.",Theni,PVT HOSPITAL,PVT,Multi-Speciality,10.006297,77.4866188,"என்.ஆர்.டி மருத்துவமனை, தேனி, தமிழ்நாடு."
TNH1066,H_22548,"Rural Area Development Trust, Autism, Theni TN.",Theni,PVT AUTISM,Pvt,Psychology,9.981237,77.3512072,"ஊரகப் பகுதி மேம்பாட்டு அறக்கட்டளை, ஆட்டிசம், தேனி, தமிழ்நாடு."
TNH1067,H_23604,"Shanmugam Hospital, Theni TN.",Theni,PVT HOSPITAL,PVT,"Gynecology,Urology",10.0059255,77.3489096,"சண்முகம் மருத்துவமனை, தேனி, தமிழ்நாடு."
TNH1068,H_19058,"T N K H N V Hospital, Theni TN.",Theni,PVT HOSPITAL,PVT,Multi-Speciality,10.0152865,77.4809885,"டி என் கே எச் என் வி மருத்துவமனை, தேனி, தமிழ்நாடு."
TNH1069,H_23163,"Theni Govt. MC, Autism, Theni TN.",Theni,PVT AUTISM,Pvt,Psychology,10.0086768,77.5540363,"தேனி அரசு எம்.சி., ஆட்டிசம், தேனி டி.என்."
TNH1072,H_22327,"Vanavil Rehabilitation Centre, Autism, Theni TN.",Theni,PVT AUTISM,Pvt,Psychology,10.0001967,77.4654385,"வனவில் மறுவாழ்வு மையம், ஆட்டிசம், தேனி, தமிழ்நாடு."
TNH1073,H_18343,"Vidhya Hospital, Theni TN.",Theni,PVT HOSPITAL,PVT,Multi-Speciality,10.0007305,77.4676985,"வித்யா மருத்துவமனை, தேனி, தமிழ்நாடு."
TNH1074,H_18224,"A. J. Hospital, Trichy TN.",Tiruchirappalli,PVT HOSPITAL,Pvt,"Dental,Multi-Speciality,Pediatrics",10.8179653,78.6852509,"ஏ. ஜே. மருத்துவமனை, திருச்சி, தமிழ்நாடு."
TNH1075,H_22694,"Aiyshwariya Hospital, Trichy TN.",Tiruchirappalli,PVT HOSPITAL,Pvt,Multi-Speciality,10.8288924,78.6821341,"ஐஸ்வரியா மருத்துவமனை, திருச்சி, தமிழ்நாடு."
TNH1076,H_18977,"Ananthgiri Nursing Home,Thillai Nagar,Trichy TN.",Tiruchirappalli,PVT HOSPITAL,Pvt,"Orthopedics,ENT",10.8262114,78.6850718,"அனந்தகிரி முதியோர் இல்லம், தில்லை நகர், திருச்சி TN."
TNH1077,H_20516,"Apollo Hospitals, Trichy TN.",Tiruchirappalli,PVT HOSPITAL,Pvt,Multi-Speciality,10.8070322,78.7111298,"அப்போலோ மருத்துவமனைகள், திருச்சி, தமிழ்நாடு."
TNH1078,H_26133,"Arul John Hospital, Tiruchirapalli, TN.",Tiruchirappalli,PVT HOSPITAL,Pvt,Multi-Speciality,10.5487517,78.2966303,"அருள் ஜான் மருத்துவமனை, திருச்சிராப்பள்ளி, TN."
TNH1079,H_23470,"Athma Hospitals, Tiruchirapalli TN.",Tiruchirappalli,PVT HOSPITAL,Pvt,Psychology,10.820935,78.6848187,"ஆத்மா மருத்துவமனைகள், திருச்சிராப்பள்ளி TN."
TNH1080,H_22269,"Atlas Hospital, Trichy TN.",Tiruchirappalli,PVT HOSPITAL,Pvt,Multi-Speciality,10.8332874,78.6906279,"அட்லஸ் மருத்துவமனை, திருச்சி, தமிழ்நாடு."
TNH1081,H_18973,"C.S.I. Mission Hospital,Woriyur,Trichy TN.",Tiruchirappalli,PVT HOSPITAL,Pvt,Multi-Speciality,10.8231526,78.6747676,"சி.எஸ்.ஐ. மிஷன் மருத்துவமனை, வொரியூர், திருச்சி, தமிழ்நாடு."
TNH1082,H_20028,"Cethar Hospital, Trichy TN.",Tiruchirappalli,PVT HOSPITAL,Pvt,Multi-Speciality,10.8240013,78.6843618,"சேதார் மருத்துவமனை, திருச்சி, தமிழ்நாடு."
TNH1083,H_18990,"Dayal Nursing Home,Manaparai,Trichy TN.",Tiruchirappalli,PVT HOSPITAL,Pvt,Multi-Speciality,10.6074703,78.4251223,"தயாள் நர்சிங் ஹோம், மணப்பாறை, திருச்சி TN."
TNH1084,H_18960,"Deepan Nursing Home,Puthur,Trichy TN.",Tiruchirappalli,PVT HOSPITAL,Pvt,"Multi-Speciality,Cardiology,Gynecology",10.8157479,78.680053,"தீபன் நர்சிங் ஹோம், புதூர், திருச்சி TN."
TNH1085,H_18576,"Dr.G.Viswanathan Speciality Hospitals,Trichy TN.",Tiruchirappalli,PVT HOSPITAL,Pvt,Multi-Speciality,10.8461527,78.6987017,"டாக்டர் ஜி. விஸ்வநாதன் சிறப்பு மருத்துவமனைகள், திருச்சி, தமிழ்நாடு."
TNH1086,H_18941,"Frontline Hospital,Anna Statue,Trichy TN.",Tiruchirappalli,PVT HOSPITAL,Pvt,Multi-Speciality,10.8338698,78.6946446,"ஃபிரன்ட்லைன் மருத்துவமனை, அண்ணா சிலை, திருச்சி, தமிழ்நாடு."
TNH1087,H_18970,"G V N Hospital PVT LTD, Trichy TN.",Tiruchirappalli,PVT HOSPITAL,Pvt,Multi-Speciality,10.8339762,78.690969,"ஜி வி என் மருத்துவமனை பிரைவேட் லிமிடெட், திருச்சி, தமிழ்நாடு."
TNH1088,H_18984,"Gitanjali Medical Centre,Pudhur,Trichy TN.",Tiruchirappalli,PVT HOSPITAL,Pvt,Multi-Speciality,10.8142699,78.675001,"கீதாஞ்சலி மருத்துவ மையம், புதுர், திருச்சி, தமிழ்நாடு."
TNH1089,H_18988,"GKM Hospital,Manaparai,Trichy TN.",Tiruchirappalli,PVT HOSPITAL,Pvt,Multi-Speciality,10.61242,78.4260553,"GKM மருத்துவமனை, மணப்பாறை, திருச்சி TN."
TNH1092,H_24541,"Govt.Kulumani CHC,Trichy TN. ",Tiruchirappalli,Govt-MTM,Govt,General Medicine,10.7671658,78.6979128,"அரசு குலுமணி சமூக சுகாதார மையம், திருச்சி, தமிழ்நாடு."
TNH1110,H_26175,"GVN Riverside Hospital, Trichy, TN.",Tiruchirappalli,PVT HOSPITAL,Pvt,Multi-Speciality,10.8425192,78.7125458,"ஜிவிஎன் ரிவர்சைடு மருத்துவமனை, திருச்சி, டிஎன்."
TNH1113,H_23756,"Kathir Hospital,Woraiur, Trichy TN.",Tiruchirappalli,PVT HOSPITAL,Pvt,Multi-Speciality,10.8271182,78.6795463,"கதிர் மருத்துவமனை, வொரையூர், திருச்சி TN."
TNH1115,H_18572,"KMC Speciality,Trichy TN.",Tiruchirappalli,PVT HOSPITAL,Pvt,Multi-Speciality,10.8023198,78.6801603,"கேஎம்சி ஸ்பெஷாலிட்டி, திருச்சி, தமிழ்நாடு."
TNH1116,H_26348,"L.G.Nursing Home, Trichy TN.",Tiruchirappalli,PVT HOSPITAL,Pvt,Multi-Speciality,10.820695,78.6779443,"எல்.ஜி. நர்சிங் ஹோம், திருச்சி, தமிழ்நாடு."
TNH1117,H_21518,"Mangalam Hospital, Thillainagar Trichy TN.",Tiruchirappalli,PVT HOSPITAL,Pvt,"Multi-Speciality,Orthopedics,Gynecology",10.8240495,78.6838618,"மங்கலம் மருத்துவமனை, தில்லைநகர் திருச்சி டி.என்."
TNH1118,H_18985,"Maruti Hospital,Thennur,Trichy TN.",Tiruchirappalli,PVT HOSPITAL,Pvt,Multi-Speciality,10.8102247,78.6805202,"மாருதி மருத்துவமனை, தென்னூர், திருச்சி, தமிழ்நாடு."
TNH1119,H_23932,"Mathuram Hospital, Puthur, Trichy TN.",Tiruchirappalli,PVT HOSPITAL,Pvt,"Multi-Speciality,Orthopedics",10.8104934,78.6798876,"மதுரம் மருத்துவமனை, புத்தூர், திருச்சி, தமிழ்நாடு."
TNH1120,H_25661,"NRSLJ Speciality Hospitals, Musiri ,Trichy TN.",Tiruchirappalli,PVT HOSPITAL,Pvt,"Multi-Speciality,Pediatrics",10.9614735,78.4319483,"என்.ஆர்.எஸ்.எல்.ஜே சிறப்பு மருத்துவமனைகள், முசிறி, திருச்சி, தமிழ்நாடு."
TNH1121,H_22666,"Q Med Hospital,Renganathapuram, Pudur,Trichy,TN.",Tiruchirappalli,PVT HOSPITAL,Pvt,"Urology,Orthopedics,Multi-Speciality",10.8194843,78.685851,"கியூ மெட் மருத்துவமனை, ரெங்கநாதபுரம், புதூர், திருச்சி, டிஎன்."
TNH1122,H_18457,"Retna Global Hospital, Trichy TN.",Tiruchirappalli,PVT HOSPITAL,Pvt,Multi-Speciality,10.8099692,78.6802739,"ரெட்னா குளோபல் மருத்துவமனை, திருச்சி TN."
TNH1123,H_26136,"Shwetha Spl Hospital Pvt Ltd, Tiruchirapalli, TN.",Tiruchirappalli,PVT HOSPITAL,Pvt,"Gynecology,Gastrology,Pediatrics",10.8186938,78.682903,"ஸ்வேதா எஸ்பிஎல் ஹாஸ்பிடல் பிரைவேட் லிமிடெட், திருச்சிராப்பள்ளி, டிஎன்."
TNH1124,H_18950,"Sinduja Hospital,Manaparai,Trichy TN.",Tiruchirappalli,PVT HOSPITAL,Pvt,"Multi-Speciality,Gynecology,Cardiology",10.6039346,78.416966,"சிந்துஜா மருத்துவமனை, மணப்பாறை, திருச்சி TN."
TNH1125,H_21517,"SMS Hospital, Trichy TN.",Tiruchirappalli,PVT HOSPITAL,Pvt,Multi-Speciality,10.827115,78.6824974,"எஸ்எம்எஸ் மருத்துவமனை, திருச்சி, தமிழ்நாடு."
TNH1126,H_18586,"Sri Kauvery Medical Care India Ltd, Trichy TN.",Tiruchirappalli,PVT HOSPITAL,Pvt,Multi-Speciality,10.8258089,78.6721088,"ஸ்ரீ காவேரி மெடிக்கல் கேர் இந்தியா லிமிடெட், திருச்சி, தமிழ்நாடு."
TNH1127,H_26333,"Sri Kauvery Medicalcare Ltd, Trichy TN.",Tiruchirappalli,PVT HOSPITAL,Pvt,Multi-Speciality,10.760388,78.6777012,"ஸ்ரீ காவேரி மெடிக்கல்கேர் லிமிடெட், திருச்சி, தமிழ்நாடு."
TNH1128,H_22647,"SRI KUMARAN HOSPITAL,TRICHY,TN",Tiruchirappalli,PVT HOSPITAL,Pvt,Multi-Speciality,10.6073891,78.4221893,"ஸ்ரீ குமாரன் மருத்துவமனை, திருச்சி, தமிழ்நாடு"
TNH1129,H_26170,"Sri Ramakrishna Spl Hos Pvt Ltd, Trichy, TN.",Tiruchirappalli,PVT HOSPITAL,Pvt,Multi-Speciality,10.8190383,78.6924189,"ஸ்ரீ ராமகிருஷ்ண ஸ்பெஷல் ஹாஸ்பிடல் பிரைவேட் லிமிடெட், திருச்சி, தமிழ்நாடு."
TNH1130,H_23934,"Srinivasan Medical College and Hospital,Trichy TN.",Tiruchirappalli,PVT HOSPITAL,Pvt,Multi-Speciality,10.930076,78.74611,"சீனிவாசன் மருத்துவக் கல்லூரி மற்றும் மருத்துவமனை, திருச்சி, தமிழ்நாடு."
TNH1132,H_22716,"STAR KIMS HOSPITALS,Trichy TN.",Tiruchirappalli,PVT HOSPITAL,Pvt,Multi-Speciality,10.8233429,78.6819864,"ஸ்டார் கிம்ஸ் மருத்துவமனைகள், திருச்சி, தமிழ்நாடு."
TNH1133,H_22017,"Sugam Hospital,Trichy,TN.",Tiruchirappalli,PVT HOSPITAL,Pvt,Multi-Speciality,10.8627756,78.7046043,"சுகம் மருத்துவமனை, திருச்சி, தமிழ்நாடு."
TNH1134,H_18956,"Sundaram Hospital,Puthur,Trichy TN.",Tiruchirappalli,PVT HOSPITAL,Pvt,Multi-Speciality,10.8144086,78.6778527,"சுந்தரம் மருத்துவமனை, புத்தூர், திருச்சி, தமிழ்நாடு."
TNH1135,H_18539,"Trichy SRM Medi Col Hosp And Res Centr, Trichy TN.",Tiruchirappalli,PVT HOSPITAL,Pvt,Multi-Speciality,10.8019414,78.694566,"திருச்சி எஸ்.ஆர்.எம் மருத்துவக் கல்லூரி மருத்துவமனை மற்றும் ஆராய்ச்சி மையம், திருச்சி, தமிழ்நாடு."
TNH1136,H_22725,"VELAN SPEICALITY HOSPITALS PRIVATE LTD, Trichy TN.",Tiruchirappalli,PVT HOSPITAL,Pvt,Multi-Speciality,10.7822338,78.701587,"வேலன் ஸ்பெஷாலிட்டி ஹாஸ்பிடல்ஸ் பிரைவேட் லிமிடெட், திருச்சி, தமிழ்நாடு."
TNH1138,H_18315,"Annai Velankanni Nursing Home,Tirunelveli TN.",Tirunelveli,PVT HOSPITAL,Pvt,Multi-Speciality,8.8643455,77.6550375,"அன்னை வேளாங்கண்ணி முதியோர் இல்லம், திருநெல்வேலி TN."
TNH1139,H_19615,"Balaji Hospital, Tirunelveli TN.",Tirunelveli,PVT HOSPITAL,Pvt,Multi-Speciality,8.3931206,77.6116216,"பாலாஜி மருத்துவமனை, திருநெல்வேலி, தமிழ்நாடு."
TNH1140,H_22019,"CSI Bellpins Mission Hospital,Tirunelveli,TN.",Tirunelveli,PVT HOSPITAL,Pvt,Multi-Speciality,8.7233175,77.7488292,"சிஎஸ்ஐ பெல்பின்ஸ் மிஷன் மருத்துவமனை, திருநெல்வேலி, தமிழ்நாடு."
TNH1141,H_24127,"CSI Jayaraj Annaparkiam Hospital,Tirunelveli TN.",Tirunelveli,PVT HOSPITAL,Pvt,"Gynecology,Multi-Speciality",8.718791,77.7363201,"சிஎஸ்ஐ ஜெயராஜ் அன்னபர்கியம் மருத்துவமனை, திருநெல்வேலி TN."
TNH1158,H_26285,"P Ramasamy Memo GH, kandiyaperi, Tirunelveli TN.",Tirunelveli,Govt-DMS,Govt,General Medicine,8.7464473,77.6810133,"பி ராமசாமி மெமோ GH, கண்டியப்பேரி, திருநெல்வேலி TN."
TNH1159,H_18243,"Peace Health Centre,Tirunelveli TN.",Tirunelveli,PVT HOSPITAL,Pvt,Multi-Speciality,8.6994634,77.7264369,"பீஸ் சுகாதார மையம், திருநெல்வேலி, தமிழ்நாடு."
TNH1161,H_23520,"Royal Hospital,NGO colony,Tirunelveli TN.",Tirunelveli,PVT HOSPITAL,Pvt,Multi-Speciality,8.695856,77.7394277,"ராயல் மருத்துவமனை, என்ஜிஓ காலனி, திருநெல்வேலி, தமிழ்நாடு."
TNH1162,H_19614,"RSP Nursing Home, Tirunelveli TN.",Tirunelveli,PVT HOSPITAL,Pvt,"Cardiology,Gynecology,Multi-Speciality",8.993139,77.6171564,"ஆர்எஸ்பி முதியோர் இல்லம், திருநெல்வேலி, தமிழ்நாடு."
TNH1163,H_24415,"Santhosh Hospital, Tirunelveli TN.",Tirunelveli,PVT HOSPITAL,Pvt,"Multi-Speciality,Orthopedics",8.7623579,77.7094448,"சந்தோஷ் மருத்துவமனை, திருநெல்வேலி, தமிழ்நாடு."
TNH1164,H_18427,"Shifa Hospital, Tirunelveli TN.",Tirunelveli,PVT HOSPITAL,Pvt,Multi-Speciality,8.7282056,77.7101834,"ஷிஃபா மருத்துவமனை, திருநெல்வேலி, தமிழ்நாடு."
TNH1165,H_25747,"Sri Kauvery Medical Care India,LTD,Tirunelveli TN.",Tirunelveli,PVT HOSPITAL,PVT,Multi-Speciality,8.715018,77.765628,"ஸ்ரீ காவேரி மெடிக்கல் கேர் இந்தியா, லிமிடெட், திருநெல்வேலி, தமிழ்நாடு."
TNH1166,H_24016,"Sri Sakthi Hospital,Tirunelveli TN. ",Tirunelveli,PVT HOSPITAL,Pvt,Multi-Speciality,8.7001346,77.7244276,"ஸ்ரீ சக்தி மருத்துவமனை, திருநெல்வேலி TN. "
TNH1167,H_19063,"Sudharson Platinum Hospital,Tirunelveli TN.",Tirunelveli,PVT HOSPITAL,Pvt,Multi-Speciality,8.72985,77.7195637,"சுதர்சன் பிளாட்டினம் மருத்துவமனை, திருநெல்வேலி TN."
TNH1168,H_24686,"Gov Madhanur CHC, Thirupathur TN.",Tirupathur,Govt,Govt,General Medicine,12.8709924,78.8481494,"அரசு மாதனூர் சி.எச்.சி., திருப்பத்தூர் டி.என்."
TNH1169,H_24684,"Govt Alangayam CHC, Thirupathur TN.",Tirupathur,Govt,Govt,General Medicine,12.4953502,78.5450712,"அரசு ஆலங்காயம் சிஎச்சி, திருப்பத்தூர் டிஎன்."
TNH1170,H_24688,"Govt Andiyappanur CHC, Thirupathur TN.",Tirupathur,Govt,Govt,General Medicine,12.5348997,78.701559,"அரசு ஆண்டியப்பனூர் சி.எச்.சி., திருப்பத்தூர் டி.என்."
TNH1172,H_24687,Govt Natrampalli Thirupathur TN.,Tirupathur,Govt,Govt,"General Medicine,Pediatrics",12.5686914,78.5748974,அரசு நாட்றம்பள்ளி திருப்பத்தூர் டி.என்.
TNH1176,H_18571,"Deepa Hospital,Tirupur TN.",Tiruppur,PVT,PVT,Orthopedics,11.1120876,77.3368567,"தீபா மருத்துவமனை, திருப்பூர், தமிழ்நாடு."
TNH1177,H_22395,"Dr.Sivakani Hospital, Udumalpet, Tirupur TN.",Tiruppur,PVT,PVT,"Cardiology,Multi-Speciality,Gynecology",10.5809824,77.246139,"டாக்டர்.சிவக்கனி மருத்துவமனை, உடுமலைப்பேட்டை, திருப்பூர் TN."
TNH1181,H_24651,"Govt Hospital Avinashi, Tiruppur TN.",Tiruppur,Govt,Govt,"General Medicine,Pediatrics",11.1940443,77.2686673,"அரசு மருத்துவமனை அவிநாசி, திருப்பூர் டி.என்."
TNH1182,H_25868,"Govt Hospital, Jallipatti, Tiruppur TN.",Tiruppur,Govt,Govt,"General Medicine,Pediatrics",10.5074198,77.2038732,"அரசு மருத்துவமனை, ஜல்லிப்பட்டி, திருப்பூர், தமிழ்நாடு."
TNH1183,H_25867,"Govt Hospital, Karadivavi, Tiruppur TN.",Tiruppur,Govt,Govt,"General Medicine,Pediatrics",10.9618795,77.1946004,"அரசு மருத்துவமனை, கரடிவாவி, திருப்பூர் டி.என்."
TNH1184,H_24447,"Govt Hospital, Madathukulam, Tiruppur TN.",Tiruppur,Govt,Govt,"General Medicine,Pediatrics",10.5457976,77.3654611,"அரசு மருத்துவமனை, மடத்துக்குளம், திருப்பூர் டி.என்."
TNH1185,H_20047,"Govt Hospital, Palladam, Tirupur TN.",Tiruppur,Govt,Govt,"General Medicine,Pediatrics",11.0973875,77.3497667,"அரசு மருத்துவமனை, பல்லடம், திருப்பூர் TN."
TNH1186,H_24446,"Govt Hospital, Uthukuli, Tiruppur TN.",Tiruppur,Govt,Govt,"General Medicine,Pediatrics",11.0973875,77.3497667,"அரசு மருத்துவமனை, ஊத்துக்குளி, திருப்பூர் டி.என்."
TNH1187,H_18897,"Govt Hospital,Dharapuram,Tirupur TN.",Tiruppur,Govt,Govt,"General Medicine,Pediatrics",10.7369152,77.5257693,"அரசு மருத்துவமனை, தாராபுரம், திருப்பூர் TN."
TNH1188,H_18917,"Govt Hospital,Udumalapet,Tirupur TN.",Tiruppur,Govt,Govt,"General Medicine,Pediatrics",10.7813904,77.2693708,"அரசு மருத்துவமனை, உடுமலைப்பேட்டை, திருப்பூர் TN."
TNH1204,H_18496,"Govt. Medical College and Hosp, Tiruppur TN.",Tiruppur,Govt,Govt,"General Medicine,Pediatrics",11.1083318,77.3419126,"அரசு மருத்துவக் கல்லூரி மற்றும் மருத்துவமனை, திருப்பூர், தமிழ்நாடு."
TNH1205,H_24445,"Govt.Head Qrtrs Hosp Kangeyam,Tiruppur TN.",Tiruppur,Govt,Govt,"General Medicine,Pediatrics",10.9411199,77.7110474,"அரசு தலைமை மருத்துவமனை, காங்கேயம், திருப்பூர், தமிழ்நாடு."
TNH1206,H_26383,"Govt.Hospital,15 Velampalayam, Tiruppur TN.",Tiruppur,Govt,Govt,"General Medicine,Pediatrics",11.1386406,77.304048,"அரசு மருத்துவமனை, 15 வேலம்பாளையம், திருப்பூர் TN."
TNH1207,H_19945,"Jansons MRI, Diagnoistic, Tirupur DC.",Tiruppur,Pvt,Pvt,Multi-Speciality,11.1082535,77.3431947,"ஜான்சன்ஸ் எம்ஆர்ஐ, நோயறிதல், திருப்பூர் டிசி."
TNH1208,H_26193,"KC HOSPITAL, TIRUPPUR TN.",Tiruppur,Pvt,Pvt,Multi-Speciality,11.1090379,77.3441239,"கே.சி. மருத்துவமனை, திருப்பூர், தமிழ்நாடு."
TNH1209,H_18932,"L.G Medical Centre,Kangeyam Road,Tirupur TN.",Tiruppur,PVT,PVT,Multi-Speciality,11.099954,77.3902978,"L.G மருத்துவ மையம், காங்கேயம் சாலை, திருப்பூர் TN."
TNH1210,H_18921,"Lavanya Hospital,Udumalpet,Tirupur TN.",Tiruppur,PVT,PVT,Multi-Speciality,10.5820029,77.2491721,"லாவண்யா மருத்துவமனை, உடுமலைப்பேட்டை, திருப்பூர் TN."
TNH1211,H_19489,"Malar Priya Medical Center, PN Nagar,Tirupur TN.",Tiruppur,PVT,PVT,Multi-Speciality,11.1658867,77.3514636,"மலர் பிரியா மருத்துவ மையம், PN நகர், திருப்பூர் TN."
TNH1212,H_26361,"MATHESWARI MEDICAL CENTER ANDHOSPITAL,TIRUPPUR, TN",Tiruppur,Pvt,Pvt,Multi-Speciality,11.1944298,77.2631099,"மாதேஸ்வரி மருத்துவ மையம் மற்றும் மருத்துவமனை, திருப்பூர், தமிழ்நாடு"
TNH1213,H_18904,"Nivetha Hospital,Dharapuram,Tirupur TN.",Tiruppur,PVT,PVT,Multi-Speciality,10.7307959,77.5240154,"நிவேதா மருத்துவமனை, தாராபுரம், திருப்பூர் TN."
TNH1214,H_22160,"OMS Hospital, Bharathi Nagar, Tirupur TN.",Tiruppur,PVT,PVT,Multi-Speciality,11.0672698,77.3394094,"OMS மருத்துவமனை, பாரதி நகர், திருப்பூர் TN."
TNH1215,H_18910,"Ponni Hospital,Palladum,Tirupur TN.",Tiruppur,PVT,PVT,"Multi-Speciality,Gynecology,Urology",10.9952911,77.2887865,"பொன்னி மருத்துவமனை, பல்லடம், திருப்பூர் TN."
TNH1217,H_18389,"Revathi Medical Centre, Tirupur TN.",Tiruppur,PVT,PVT,Multi-Speciality,11.1202821,77.3292348,"ரேவதி மருத்துவ மையம், திருப்பூர் டி.என்."
TNH1218,H_25640,"Saravana Medical Centre, Tiruppur TN.",Tiruppur,PVT,PVT,Multi-Speciality,11.0067747,77.5654949,"சரவணா மருத்துவ மையம், திருப்பூர் டி.என்."
TNH1220,H_24433,"Shetty Hospital, Tiruppur TN.",Tiruppur,PVT,PVT,"Multi-Speciality,Gynecology,Orthopedics",10.5836411,77.2483334,"ஷெட்டி மருத்துவமனை, திருப்பூர், தமிழ்நாடு."
TNH1221,H_22306,"SK Hospital, Samalapuram, Somanur, Tirupur TN.",Tiruppur,PVT,PVT,Multi-Speciality,11.0730254,77.1924882,"எஸ்கே மருத்துவமனை, சாமளாபுரம், சோமனூர், திருப்பூர் டி.என்."
TNH1222,H_18325,"Sri Kumaran Hospital, Tirupur TN.",Tiruppur,PVT,PVT,Multi-Speciality,11.1307942,77.3412688,"ஸ்ரீ குமரன் மருத்துவமனை, திருப்பூர் டி.என்."
TNH1223,H_18271,"Sri Saran Hospital, Tirupur TN.",Tiruppur,PVT,PVT,Multi-Speciality,11.1488652,77.3466798,"ஸ்ரீ சரண் மருத்துவமனை, திருப்பூர் டி.என்."
TNH1224,H_22087,"Sugan Sugaa Medical Centre, Tirupur TN.",Tiruppur,PVT,PVT,Multi-Speciality,11.1677024,77.3097369,"சுகன் சுகா மருத்துவ மையம், திருப்பூர் TN."
TNH1225,H_24046,"T.M.F Hospital, Sabapathipuram, Tiruppur TN.",Tiruppur,PVT,PVT,Multi-Speciality,11.109377,77.3450227,"T.M.F மருத்துவமனை, சபாபதிபுரம், திருப்பூர் TN."
TNH1226,H_24137,"Tirupur Aadhar Medical Center, Tiruppur TN.",Tiruppur,PVT,PVT,Multi-Speciality,11.1113809,77.3384154,"திருப்பூர் ஆதார் மருத்துவ மையம், திருப்பூர் டி.என்."
TNH1227,H_22031,"Vel Hospital,Dharapuram,Tirupur TN.",Tiruppur,PVT,PVT,Multi-Speciality,10.728566,77.5233027,"வேல் மருத்துவமனை, தாராபுரம், திருப்பூர் TN."
TNH1228,H_22038,The Eye Foundation Eye Hospital,Tiruppur,PVT,PVT,Opthamology,11.11020677,77.3411291,தி ஐ ஃபவுண்டேஷன் கண் மருத்துவமனை
TNH1229,H_22090,"Aakash Hospital, Thiruvallur TN.",Thiruvallur,PVT HOSPITAL,Pvt,"Multi-Speciality,Ophthalmology",13.2706203,80.2629997,"ஆகாஷ் மருத்துவமனை, திருவள்ளூர் டி.என்."
TNH1230,H_18840,"ACS MEDICAL COLLEGE, THIRUVALLUR TN.",Thiruvallur,PVT HOSPITAL,Pvt,Multi-Speciality,13.0585308,80.1271562,"ஏசிஎஸ் மருத்துவக் கல்லூரி, திருவள்ளூர், தமிழ்நாடு."
TNH1231,H_25946,"Anand Hospital, Tiruvallur TN.",Thiruvallur,PVT HOSPITAL,Pvt,Multi-Speciality,13.1369519,79.9172855,"ஆனந்த் மருத்துவமனை, திருவள்ளூர் டி.என்."
TNH1232,H_20074,"Apollo Hospitals Ayyanambakkam,Thiruvallur TN.",Thiruvallur,PVT HOSPITAL,Pvt,Multi-Speciality,13.0751263,80.1515805,"அப்பல்லோ மருத்துவமனைகள் அய்யனம்பாக்கம், திருவள்ளூர் TN."
TNH1233,H_24363,"Be Well Hospital, Anna Nagar, Thiruvallur TN. ",Thiruvallur,PVT HOSPITAL,Pvt,Multi-Speciality,13.0793931,80.19825,"பீ வெல் மருத்துவமனை, அண்ணா நகர், திருவள்ளூர், தமிழ்நாடு."
TNH1234,H_23581,"Dr. Rela Institute and MS Hospital,Thiruvallur TN.",Thiruvallur,PVT HOSPITAL,Pvt,"Hepatology,Gastrology,Multi-Speciality",12.9549235,80.1388459,"டாக்டர் ரெலா நிறுவனம் மற்றும் எம்.எஸ். மருத்துவமனை, திருவள்ளூர், தமிழ்நாடு."
TNH1236,H_18620,"Frontier Life Line Pvt. Ltd, Thiruvallur TN.",Thiruvallur,PVT HOSPITAL,Pvt,"Cardiology,Pulmonology",13.087721,80.185609,"ஃபிரான்டியர் லைஃப் லைன் பிரைவேட் லிமிடெட், திருவள்ளூர், தமிழ்நாடு."
TNH1237,H_25827,"Gayathri Hospital, Thiruvallur TN.",Thiruvallur,PVT HOSPITAL,Pvt,Multi-Speciality,13.0674904,80.1286898,"காயத்திரி மருத்துவமனை, திருவள்ளூர் டி.என்."
TNH1239,H_23442,"GLB Hospitals, Tiruvallur TN.",Thiruvallur,PVT HOSPITAL,Pvt,Multi-Speciality,13.0815266,80.2140757,"ஜி.எல்.பி மருத்துவமனைகள், திருவள்ளூர், தமிழ்நாடு."
TNH1240,H_24421,"Govt Hospital, Gummudipundi, Tiruvallur TN.",Thiruvallur,Govt-DMS,Govt,"General Medicine,Pediatrics",13.127546,79.91044,"அரசு மருத்துவமனை, கும்முடிப்பூண்டி, திருவள்ளூர் டி.என்."
TNH1241,H_24422,"Govt Hospital, Pallipattu, Tiruvallur TN.",Thiruvallur,Govt-DMS,Govt,"General Medicine,Pediatrics",13.3373901,79.4661723,"அரசு மருத்துவமனை, பள்ளிப்பட்டு, திருவள்ளூர் டி.என்."
TNH1242,H_24939,"Govt Hospital,Madhavaram UCHC,Thiruvallur TN.",Thiruvallur,Govt-DMS,Govt,General Medicine,13.1634608,80.243133,"அரசு மருத்துவமனை, மாதவரம் UCHC, திருவள்ளூர் TN."
TNH1243,H_24424,"Govt Hospital,Pazhaverkadu, Tiruvallur TN.",Thiruvallur,Govt-DMS,Govt,"General Medicine,Pediatrics",13.4177382,80.3185252,"அரசு மருத்துவமனை, பழவேற்காடு, திருவள்ளூர் டி.என்."
TNH1244,H_24425,"Govt Hospital,Podadurpet,Tiruvallur TN.",Thiruvallur,Govt-DMS,Govt,"General Medicine,Pediatrics",13.127546,79.91044,"அரசு மருத்துவமனை, பொடதூர்பேட்டை, திருவள்ளூர் TN."
TNH1245,H_24537,"Govt.Naravarikuppam UGPHC,Thiruvallur TN.",Thiruvallur,Govt-MTM,Govt,General Medicine,13.1913769,80.1833217,"அரசு நாரவாரிக்குப்பம் UGPHC, திருவள்ளூர் TN."
TNH1248,H_24539,"Govt.UGPHC Thiruvelangadu,Thiruvallur TN.",Thiruvallur,Govt-MTM,Govt,General Medicine,13.1301643,79.7739537,"அரசு யு.ஜி.பி.எச்.சி., திருவேலங்காடு, திருவள்ளூர், தமிழ்நாடு."
TNH1260,H_26265,"Grand Care Multi spl Hospital, Tiruvallur TN. ",Thiruvallur,PVT HOSPITAL,Pvt,Multi-Speciality,13.1223696,79.9157377,"கிராண்ட் கேர் மல்டி எஸ்பிஎல் மருத்துவமனை, திருவள்ளூர் டிஎன். "
TNH1261,H_25897,"Holistic Medical Center Hospital, Thiruvallur TN.",Thiruvallur,PVT HOSPITAL,Pvt,Multi-Speciality,13.109377,80.0950797,"ஹோலிஸ்டிக் மருத்துவ மைய மருத்துவமனை, திருவள்ளூர், தமிழ்நாடு."
TNH1263,H_20112,"KHM Hospital, Thiruvallur TN.",Thiruvallur,PVT HOSPITAL,Pvt,Multi-Speciality,13.0846111,80.2130097,"கே.எச்.எம் மருத்துவமனை, திருவள்ளூர், தமிழ்நாடு."
TNH1265,H_23592,"MMRV Hospital, Tiruvallur TN.",Thiruvallur,PVT HOSPITAL,Pvt,Multi-Speciality,13.2693596,80.1525536,"எம்.எம்.ஆர்.வி மருத்துவமனை, திருவள்ளூர், தமிழ்நாடு."
TNH1266,H_23601,"Panimalar MC and Research Institute,Tiruvallur TN.",Thiruvallur,PVT HOSPITAL,Pvt,Multi-Speciality,13.1226901,79.911769,"பனிமலர் MC மற்றும் ஆராய்ச்சி நிறுவனம், திருவள்ளூர் TN."
TNH1267,H_26011,"Praja Hospital, Thiruvallur, TN.",Thiruvallur,PVT HOSPITAL,Pvt,Multi-Speciality,13.1323427,80.195328,"பிரஜா மருத்துவமனை, திருவள்ளூர், டி.என்."
TNH1268,H_23461,"Ravina Health Care Pvt Ltd, Tiruvallur TN.",Thiruvallur,PVT HOSPITAL,Pvt,Multi-Speciality,12.978547,80.1265547,"ரவீனா ஹெல்த் கேர் பிரைவேட் லிமிடெட், திருவள்ளூர் டி.என்."
TNH1269,H_18843,"RETTERI SRI KUMARAN HOSPITAL, THIRUVALLUR TN.",Thiruvallur,PVT HOSPITAL,Pvt,Multi-Speciality,13.1306041,80.212698,"ரெட்டேரி ஸ்ரீ குமரன் மருத்துவமனை, திருவள்ளூர் TN."
TNH1270,H_22867,"RPS Hospital, Korattur North, Thiruvallur TN.",Thiruvallur,PVT HOSPITAL,Pvt,Multi-Speciality,13.1205542,80.1978368,"ஆர்.பி.எஸ் மருத்துவமனை, கொரட்டூர் வடக்கு, திருவள்ளூர், தமிழ்நாடு."
TNH1272,H_23546,"Sir Ivan Stedeford Hospital, Thiruvallur TN.",Thiruvallur,PVT HOSPITAL,Pvt,Multi-Speciality,13.1255449,80.1440334,"சர் இவான் ஸ்டெடிஃபோர்டு மருத்துவமனை, திருவள்ளூர், தமிழ்நாடு."
TNH1273,H_24224,"Sri Lalithambigai Medical College,Tiruvallur TN.",Thiruvallur,PVT HOSPITAL,Pvt,Multi-Speciality,13.0642232,80.1604684,"ஸ்ரீ லலிதாம்பிகை மருத்துவக் கல்லூரி, திருவள்ளூர் TN."
TNH1274,H_25751,"Sri Venkateshwaraa Medcity Med Col,Thiruvallur TN.",Thiruvallur,PVT HOSPITAL,Pvt,Multi-Speciality,13.2158343,80.1716848,"ஸ்ரீ வெங்கடேஸ்வரா மெட்சிட்டி மெட் கர்னல், திருவள்ளூர் TN."
TNH1275,H_18297,"Sugam Hospital, Thiruvallur TN.",Thiruvallur,PVT HOSPITAL,Pvt,Multi-Speciality,13.4285022,80.1233242,"சுகம் மருத்துவமனை, திருவள்ளூர் டி.என்."
TNH1276,H_18619,"The Madras Medical Mission, Thiruvallur TN.",Thiruvallur,PVT HOSPITAL,Pvt,Cardiology,13.0859697,80.187141,"மெட்ராஸ் மெடிக்கல் மிஷன், திருவள்ளூர், தமிழ்நாடு."
TNH1277,H_24069,"Vels MC Hospital, Manjankaranai, Tiruvallur TN.",Thiruvallur,PVT HOSPITAL,Pvt,Multi-Speciality,13.2689063,80.1225027,"வேல்ஸ் எம்சி மருத்துவமனை, மஞ்சங்கரணை, திருவள்ளூர் டி.என்."
TNH1278,H_26250,"Amudham Hospital, Tiruvannamalai, TN.",Tiruvannamalai,PVT HOSPITAL,Pvt,Multi-Speciality,12.2170665,79.0597419,"அமுதம் மருத்துவமனை, திருவண்ணாமலை, TN."
TNH1279,H_23715,"Arunai hospital,Tiruvannamalai TN.",Tiruvannamalai,PVT HOSPITAL,Pvt,Multi-Speciality,12.2279369,79.0786548,"அருணை மருத்துவமனை, திருவண்ணாமலை TN."
TNH1280,H_25711,"Govt Hospital, Thandarampet,Thiruvannamalai TN.",Tiruvannamalai,Govt-DMS,Govt,"General Medicine,Pediatrics",12.225672,79.0663174,"அரசு மருத்துவமனை, தண்டராம்பட்டு, திருவண்ணாமலை TN."
TNH1281,H_24423,"Govt Hospital,Polur,Tiruvannamalai TN.",Tiruvannamalai,Govt-DMS,Govt,"General Medicine,Pediatrics",12.5083565,79.1238085,"அரசு மருத்துவமனை, போளூர், திருவண்ணாமலை TN."
TNH1282,H_25825,"Govt. Hospital, Thanipadi, Thiruvannamalai TN.",Tiruvannamalai,Govt-DMS,Govt,"General Medicine,Pediatrics",12.225672,79.0663174,"அரசு மருத்துவமனை, தானிப்பாடி, திருவண்ணாமலை டி.என்."
TNH1283,H_25824,"Govt. Hospital, Vembakkam, Thiruvannamalai TN.",Tiruvannamalai,Govt-DMS,Govt,"General Medicine,Pediatrics",12.7263647,79.7106065,"அரசு மருத்துவமனை, வெம்பாக்கம், திருவண்ணாமலை டி.என்."
TNH1284,H_25854,"Govt.Hospital, Kalasapakkam,Thiruvannamalai TN.",Tiruvannamalai,Govt-DMS,Govt,"General Medicine,Pediatrics",12.3686081,79.1235345,"அரசு மருத்துவமனை, கலசப்பாக்கம், திருவண்ணாமலை TN."
TNH1285,H_24464,"Govt.Upgraded CHC,Keelpennathur,Tiruvannamalai TN. ",Tiruvannamalai,Govt-MTM,Govt,General Medicine,12.2252841,79.0746957,"அரசு மேம்படுத்தப்பட்ட CHC, கீழ்பென்னாத்தூர், திருவண்ணாமலை TN. "
TNH1286,H_18636,"GRACE AND COMPASSION HOSP,TIRUVANNAMALAI TN.",Tiruvannamalai,PVT HOSPITAL,Pvt,Multi-Speciality,12.2360656,79.0811229,"கிரேஸ் அண்ட் காம்பாஷன் மருத்துவமனை, திருவண்ணாமலை TN."
TNH1307,H_21988,"Raj Hospital, Tiruvannamalai TN.",Tiruvannamalai,PVT HOSPITAL,Pvt,Multi-Speciality,12.2300631,79.0650511,"ராஜ் மருத்துவமனை, திருவண்ணாமலை டி.என்."
TNH1308,H_24414,"Rajam Nursing Home,Tiruvannamalai TN.",Tiruvannamalai,PVT HOSPITAL,Pvt,Multi-Speciality,12.2307969,79.0726088,"ராஜம் முதியோர் இல்லம், திருவண்ணாமலை TN."
TNH1309,H_18453,"Ramana Maharishi Hospital, Thiruvannamalai TN.",Tiruvannamalai,PVT HOSPITAL,Pvt,Multi-Speciality,12.2283195,79.0640753,"ரமண மகரிஷி மருத்துவமனை, திருவண்ணாமலை டி.என்."
TNH1310,H_24411,"S.S Hospital,Tiruvannamalai TN.",Tiruvannamalai,PVT HOSPITAL,Pvt,Multi-Speciality,12.2366589,79.0748665,"எஸ்.எஸ் மருத்துவமனை, திருவண்ணாமலை டி.என்."
TNH1311,H_20717,STTHOMAS HOSP AND LEPROSY CENTRE THIRUVANAMALAITN.,Tiruvannamalai,PVT HOSPITAL,Pvt,Multi-Speciality,12.4662647,79.3359941,"செயின்ட் தாமஸ் மருத்துவமனை மற்றும் தொழுநோய் மையம், திருவனந்தபுரம்."
TNH1322,H_18240,"Aarthi Hospital,Tuticorin TN.",Thoothukudi,PVT HOSPITAL,Pvt,Multi-Speciality,9.1746514,77.866397,"ஆர்த்தி மருத்துவமனை, தூத்துக்குடி, தமிழ்நாடு."
TNH1323,H_22369,"Govt Hospital Ettayapuram, Tuticorin TN.",Thoothukudi,Govt-DMS,Govt,"General Medicine,Pediatrics",9.0991713,78.0106724,"அரசு மருத்துவமனை எட்டயபுரம், தூத்துக்குடி TN."
TNH1324,H_22143,"Govt Hospital Kalankudiyirrupu,Tuticorin TN.",Thoothukudi,Govt-DMS,Govt,"General Medicine,Pediatrics",8.4396367,78.0338078,"அரசு மருத்துவமனை கலங்குடியிருப்பு, தூத்துக்குடி TN."
TNH1325,H_22146,"Govt Hospital Kayalpattanam,Tuticorin TN.",Thoothukudi,Govt-DMS,Govt,"General Medicine,Pediatrics",8.5692102,78.0937376,"அரசு மருத்துவமனை காயல்பட்டணம், தூத்துக்குடி, தமிழ்நாடு."
TNH1326,H_22145,"Govt Hospital Ottapidaram,Tuticorin TN.",Thoothukudi,Govt-DMS,Govt,"General Medicine,Pediatrics",8.79874,78.1356289,"அரசு மருத்துவமனை, ஒட்டப்பிடாரம், தூத்துக்குடி, தமிழ்நாடு."
TNH1327,H_22144,"Govt Hospital Sathankulam,Tuticorin TN.",Thoothukudi,Govt-DMS,Govt,"General Medicine,Pediatrics",8.4430687,77.9095657,"அரசு மருத்துவமனை சாத்தான்குளம், தூத்துக்குடி TN."
TNH1328,H_22370,"Govt Hospital Srivaikundam, Tuticorin TN.",Thoothukudi,Govt-DMS,Govt,"General Medicine,Pediatrics",8.6322418,77.913242,"அரசு மருத்துவமனை, ஸ்ரீவைகுண்டம், தூத்துக்குடி, தமிழ்நாடு."
TNH1329,H_22142,"Govt Hospital Vilathikulam,Tuticorin TN.",Thoothukudi,Govt-DMS,Govt,"General Medicine,Pediatrics",9.0043761,78.1891075,"அரசு மருத்துவமனை, விலாத்திகுளம், தூத்துக்குடி, தமிழ்நாடு."
TNH1330,H_19093,"Govt Hospital,Thiruchendur,Thoothukudi TN",Thoothukudi,Govt-DMS,Govt,"General Medicine,Pediatrics",8.4997775,78.1184665,"அரசு மருத்துவமனை, திருச்செந்தூர், தூத்துக்குடி டி.என்"
TNH1331,H_18497,"Govt. Head Qrtrs Hosp Kovilpatti,Tuticorin TN.",Thoothukudi,Govt-DMS,Govt,"General Medicine,Pediatrics",9.1726696,77.8714879,"அரசு தலைமை மருத்துவமனை, கோவில்பட்டி, தூத்துக்குடி, தமிழ்நாடு."
TNH1332,H_21381,"Jeyanth Nallathambi Hospital, Tuticorin TN.",Thoothukudi,PVT HOSPITAL,Pvt,"Nephrology,Urology,General Medicine",8.780469,78.1005188,"ஜெயந்த் நல்லதம்பி மருத்துவமனை, தூத்துக்குடி TN."
TNH1333,H_22037,"Kovilpatti Venkateswara Hospitals,Tuticorin,TN.",Thoothukudi,PVT HOSPITAL,Pvt,Multi-Speciality,9.1659352,77.851158,"கோவில்பட்டி வெங்கடேஸ்வரா மருத்துவமனைகள், தூத்துக்குடி, தமிழ்நாடு."
TNH1334,H_24289,"Radhu hospital, Pattukottai, Tuticorin TN.",Thoothukudi,PVT HOSPITAL,Pvt,Multi-Speciality,10.4232271,79.3199985,"ராது மருத்துவமனை, பட்டுக்கோட்டை, தூத்துக்குடி TN."
TNH1335,H_21141,"Rajesh Tilak Hospital,Tuticorin TN.",Thoothukudi,PVT HOSPITAL,Pvt,Multi-Speciality,8.7988132,78.126207,"ராஜேஷ் திலக் மருத்துவமனை, தூத்துக்குடி TN."
TNH1337,H_22858,"Sankar Hospital, Authoor ,Tuticorin, TN.",Thoothukudi,PVT HOSPITAL,Pvt,Multi-Speciality,8.6203974,78.0706818,"சங்கர் மருத்துவமனை, ஆத்தூர், தூத்துக்குடி, தமிழ்நாடு."
TNH1338,H_23725,"Sasi hospital,Tuticorin TN.",Thoothukudi,PVT HOSPITAL,PVT,Multi-Speciality,9.1674736,77.8529821,"சசி மருத்துவமனை, தூத்துக்குடி, தமிழ்நாடு."
TNH1339,H_22058,"Sri Hospital,Tuticorin,TN.",Thoothukudi,PVT HOSPITAL,Pvt,Multi-Speciality,9.172892,77.8727943,"ஸ்ரீ மருத்துவமனை, தூத்துக்குடி, தமிழ்நாடு."
TNH1340,H_23883,"Thanaraj Hospital, Tuticorin TN.",Thoothukudi,PVT HOSPITAL,Pvt,Multi-Speciality,8.7947621,78.1335982,"தனராஜ் மருத்துவமனை, தூத்துக்குடி TN."
TNH1341,H_25643,"Theiva Nursing Home,Tuticorin, TN.",Thoothukudi,PVT HOSPITAL,Pvt,Multi-Speciality,8.8015483,78.1434896,"தெய்வா முதியோர் இல்லம், தூத்துக்குடி, டென்னசி."
TNH1342,H_18708,"Toothukudi Medical College,Tuticorin TN.",Thoothukudi,Govt-DME,Govt,"General Medicine,Pediatrics",8.7872201,78.1171918,"தூத்துக்குடி மருத்துவக் கல்லூரி, தூத்துக்குடி, தமிழ்நாடு."
TNH1358,H_25771,"Aathichudy Autism Special School, Vellore TN.",Vellore,PVT AUTISM,Pvt,Psychology,12.8951579,79.1242767,"ஆத்திச்சுடி ஆட்டிசம் சிறப்புப் பள்ளி, வேலூர், தமிழ்நாடு."
TNH1359,H_18362,"Arun Hospital,Vellore TN.",Vellore,PVT HOSPITAL,PVT,"Gynecology,Orthopedics",12.934968,79.1468809,"அருண் மருத்துவமனை, வேலூர், தமிழ்நாடு."
TNH1360,H_18199,"Baba Hospital,Vellore TN.",Vellore,PVT HOSPITAL,PVT,Multi-Speciality,12.934198,79.158405,"பாபா மருத்துவமனை, வேலூர், தமிழ்நாடு."
TNH1361,H_18650,"Christian Medical College And Hospital,Vellore TN.",Vellore,PVT HOSPITAL,PVT,Multi-Speciality,12.9242375,79.1351135,"கிறிஸ்டியன் மருத்துவக் கல்லூரி மற்றும் மருத்துவமனை, வேலூர், தமிழ்நாடு."
TNH1362,H_25878,"Dhanya Medical Center, Vellore TN.",Vellore,PVT HOSPITAL,PVT,Multi-Speciality,12.9040907,79.1364913,"தன்யா மருத்துவ மையம், வேலூர் TN."
TNH1363,H_22032,"Dhinesh Nursing Home, Bagayam,Vellore TN.",Vellore,PVT HOSPITAL,PVT,Multi-Speciality,12.8951579,79.1242767,"தினேஷ் நர்சிங் ஹோம், பாகாயம், வேலூர் TN."
TNH1364,H_25857,"Govt Hospital, Anaikattu, Vellore TN.",Vellore,GOVT-DMS,Govt,"General Medicine,Pediatrics",12.8778415,78.9907283,"அரசு மருத்துவமனை, ஆனைக்காட்டு, வேலூர் TN."
TNH1371,H_24691,"Govt Thiruvalam CHC, Katpadi, Vellore, TN.",Vellore,Govt-MTM,Govt,General Medicine,12.9920649,79.2549821,"அரசு திருவாலம் சமூக சுகாதார மையம், காட்பாடி, வேலூர், தமிழ்நாடு."
TNH1376,H_19420,"Krishna Advcd Mri and ct,Thennamaram,vellor DC.",Vellore,DC PVT-STANDALONE,Pvt,Multi-Speciality,12.9235541,79.1330768,"கிருஷ்ணா அட்வகேட் எம்.ஆர்.ஐ மற்றும் சி.டி, தென்னமரம், வேலூர் டி.சி."
TNH1377,H_18293,"Kumaran Hospital, Vellore TN.",Vellore,PVT HOSPITAL,PVT,Multi-Speciality,12.9459279,79.1373,"குமரன் மருத்துவமனை, வேலூர், தமிழ்நாடு."
TNH1379,H_21984,"Manisundaram Medical Mission Hospital, Vellore TN.",Vellore,PVT HOSPITAL,PVT,Multi-Speciality,12.9367028,79.1676734,"மணிசுந்தரம் மெடிக்கல் மிஷன் மருத்துவமனை, வேலூர், தமிழ்நாடு."
TNH1380,H_22065,"Sandhya Hospital and Fertility Centre, Vellore TN.",Vellore,PVT HOSPITAL,PVT,"Fertility,Gynecology",12.8951579,79.1242767,"சந்தியா மருத்துவமனை மற்றும் கருவுறுதல் மையம், வேலூர், தமிழ்நாடு."
TNH1381,H_24076,"Schieffelin Institute of Health, Vellore TN.",Vellore,PVT HOSPITAL,PVT,Multi-Speciality,12.9938882,79.1969221,"ஷீஃபெலின் சுகாதார நிறுவனம், வேலூர், தமிழ்நாடு."
TNH1382,H_18638,"Sri Narayani Hospital and Res Ctr,Vellore TN.",Vellore,PVT HOSPITAL,PVT,Multi-Speciality,12.8951579,79.1242767,"ஸ்ரீ நாராயணி மருத்துவமனை மற்றும் Res Ctr, வேலூர் TN."
TNH1383,H_25719,"Sri Ragavendra Health care, Vellore, TN.",Vellore,PVT HOSPITAL,PVT,Multi-Speciality,12.8951579,79.1242767,"ஸ்ரீ ராகவேந்திரா ஹெல்த் கேர், வேலூர், தமிழ்நாடு."
TNH1384,H_26159,"St.Theresa Hospital, Vellore TN. ",Vellore,PVT HOSPITAL,PVT,Multi-Speciality,12.8266004,79.1262977,"புனித தெரசா மருத்துவமனை, வேலூர், தமிழ்நாடு."
TNH1385,H_18852,"E S NURSING COLLEGE HOSPITAL, VILLUPURAM TN.",Viluppuram,PVT HOSPITAL,Pvt,Multi-Speciality,12.080448,79.5568499,"இ எஸ் நர்சிங் கல்லூரி மருத்துவமனை, விழுப்புரம், தமிழ்நாடு."
TNH1386,H_18640,"E.S.HOSPITAL,VILLUPURAM TN.",Viluppuram,PVT HOSPITAL,Pvt,Multi-Speciality,11.9364087,79.4849309,"இ.எஸ். மருத்துவமனை, விழுப்புரம், தமிழ்நாடு."
TNH1399,H_25861,"Govt Valavanur Taluk Hospital , Villupuram TN.",Viluppuram,Govt-DMS,Govt,"General Medicine,Pediatrics",11.9401378,79.4861449,"அரசு வளவனூர் தாலுகா மருத்துவமனை, விழுப்புரம் TN."
TNH1400,H_25858,"Govt Vanur Taluk Hospital , Villupuram TN.",Viluppuram,Govt-DMS,Govt,"General Medicine,Pediatrics",11.9401378,79.4861449,"அரசு வானூர் தாலுகா மருத்துவமனை, விழுப்புரம் TN."
TNH1402,H_22271,"MARAGADAM HOSPITAL, NEHRUJI ROAD, VILLUPURAM TN.",Viluppuram,PVT HOSPITAL,Pvt,"Gynecology,Urology,Multi-Speciality",11.9410243,79.4956957,"மரகதம் மருத்துவமனை, நேருஜி சாலை, விழுப்புரம் TN."
TNH1403,H_18850,"P R G HOSPITAL, VILLUPURAM TN.",Viluppuram,PVT HOSPITAL,Pvt,Multi-Speciality,12.252848,79.413895,"பி ஆர் ஜி மருத்துவமனை, விழுப்புரம், தமிழ்நாடு."
TNH1404,H_18616,"SUMATHI HOSPITAL,VILLUPURAM TN.",Viluppuram,PVT HOSPITAL,Pvt,Multi-Speciality,11.9386054,79.4791472,"சுமதி மருத்துவமனை, விழுப்புரம் TN."
TNH1406,"H_26317
","Chitra Multi Spl Hosp Pvt Ltd, Virudhunagar, TN.
",Virudhunagar,PVT HOSPITAL,Pvt,Multi-Speciality,9.594626,77.9538043,"சித்ரா மல்டி எஸ்பிஎல் ஹோஸ்ப் பிரைவேட் லிமிடெட், விருதுநகர், டிஎன்.
"
TNH1410,H_24545,"Govt.CHC,Pandalgudi, Virudhunagar TN.",Virudhunagar,Govt-MTM,Govt,General Medicine,9.3815569,78.0937171,"அரசு CHC, பந்தல்குடி, விருதுநகர் TN."
TNH1411,H_24492,"Govt.CHC,Thayilpatti,Virudhunagar TN.",Virudhunagar,Govt-MTM,Govt,General Medicine,9.377029,77.7969227,"அரசு CHC, தாயில்பட்டி, விருதுநகர் TN."
TNH1422,H_18445,"Graham Nursing Home,Virudhunagar TN.",Virudhunagar,PVT HOSPITAL,Pvt,"Gynecology,Orthopedics,Urology",9.4512067,77.7922076,"கிரஹாம் நர்சிங் ஹோம், விருதுநகர் TN."
TNH1423,H_25899,"Kalasalingam Medical College, Virudhunagar TN.",Virudhunagar,PVT HOSPITAL,Pvt,Multi-Speciality,9.5735256,77.6834072,"கலசலிங்கம் மருத்துவக் கல்லூரி, விருதுநகர் டி.என்."
TNH1424,H_22010,"Krishna Hospital, Sattur, Virudhunagar TN.",Virudhunagar,PVT HOSPITAL,Pvt,Multi-Speciality,9.3545521,77.9196984,"கிருஷ்ணா மருத்துவமனை, சாத்தூர், விருதுநகர் டி.என்."
TNH1425,H_18386,"Mathi Integrated Health Center,Virudhunagar TN.",Virudhunagar,PVT HOSPITAL,Pvt,"Multi-Speciality,Neurology,Nephrology",9.4361376,77.8018411,"மதி ஒருங்கிணைந்த சுகாதார மையம், விருதுநகர் TN."
TNH1426,H_22805,"Meenakshi Memorial Hospital, Virudhunagar TN.",Virudhunagar,PVT HOSPITAL,Pvt,"Cardiology,Neurology,Nephrology",9.4415552,77.5611474,"மீனாட்சி நினைவு மருத்துவமனை, விருதுநகர் டி.என்."
TNH1427,H_26010,"Saravana Hospital, Virudhunagar, TN.",Virudhunagar,PVT HOSPITAL,Pvt,Multi-Speciality,9.3546098,77.918269,"சரவணா மருத்துவமனை, விருதுநகர், டி.என்."
TNH1428,H_26134,"SBJ Health Centre PVT Limited, Virudhunagar, TN.",Virudhunagar,PVT HOSPITAL,Pvt,Multi-Speciality,9.4486501,77.8050541,"SBJ ஹெல்த் சென்டர் PVT லிமிடெட், விருதுநகர், TN."
TNH1429,H_22427,"Sri Krishna Hospital,Rajapalayam, Virudhunagar TN.",Virudhunagar,PVT HOSPITAL,Pvt,Multi-Speciality,9.4415905,77.5601428,"ஸ்ரீ கிருஷ்ணா மருத்துவமனை, ராஜபாளையம், விருதுநகர் TN."
TNH1430,H_18259,"Sri Ram Hospital Sugasthala,Virudhunagar TN.",Virudhunagar,PVT HOSPITAL,Pvt,Multi-Speciality,9.5070744,78.0951521,"ஸ்ரீ ராம் மருத்துவமனை சுகஸ்தலா, விருதுநகர் TN."
TNH1431,H_20933,"Sri Ramakrishna Hospital,Virudhunagar TN.",Virudhunagar,PVT HOSPITAL,Pvt,Multi-Speciality,9.5966046,77.9457584,"ஸ்ரீ ராமகிருஷ்ணா மருத்துவமனை, விருதுநகர் TN."
TNH1432,H_22005,"Sruthi Hospital, Virudhunagar TN.",Virudhunagar,PVT HOSPITAL,Pvt,"Orthopedics,Gynecology",9.444109,77.8019243,"ஸ்ருதி மருத்துவமனை, விருதுநகர் TN."
TNH1433,H_18288,"Star Hospital,Virudhunagar TN.",Virudhunagar,PVT HOSPITAL,Pvt,"Multi-Speciality,Gynecology",9.451835,77.79347,"நட்சத்திர மருத்துவமனை, விருதுநகர் TN."
TNH1434,H_18291,"Sudha Nursing home,Virudhunagar TN.",Virudhunagar,PVT HOSPITAL,Pvt,"Dental,Gynecology,Multi-Speciality",9.4486196,77.7990045,"சுதா நர்சிங் ஹோம், விருதுநகர் TN."
TNH1435,H_18345,"Vijaya Nursing Home, Virudhunagar TN.",Virudhunagar,PVT HOSPITAL,Pvt,Multi-Speciality,9.4475594,77.8000066,"விஜயா முதியோர் இல்லம், விருதுநகர் டி.என்."